"Term","CRN","Subject","Number","Section","Title","Campus","Enrollment","Capacity","Credit Hours","Delivery","Estimated Fees","Business Surcharge","Meeting Days","Meeting Times","Meeting Locations","Meeting Dates","Instructors","Description","Cross-List Sections","Course Level","Special Approval","Grade Mode","Additional Notes","Attribute Description"
"202710","12167","ISA","125","  A","Business Statistics","Oxford","61","45","3","Face-to-Face","None","$300.00 - $428.28","MWF|MWF","8:10am-9:05am|8:10am-9:05am","DSB 126|DSB 128","08/24-12/11|08/24-12/11","Santiago-Montano, Stephanie","125 Introduction to Business Statistics (3)

This course provides an introduction to data, probability, sampling and its importance to analytical decision-making in business. Upon successful completion of this course, students will have the foundational skills necessary to summarize data, describe relationships among variables, and conduct one-sample and two-sample statistical inference. Note: Credit for graduation will not be given for more than one of STA 125, ISA 125, STA 261, STA 301, or STA 368. Prerequisites: MTH 102 or MTH 121 or MTH 125, MTH 122, MTH 141 or MTH 151; ACT Math Score of 22 or higher; SAT Math Score of 540 or higher; or Miami International Math Placement Test score of 8 or higher; or successful completion of MTH 025; or permission of department chair. Cross-listed with STA 125.","None","Undergraduate","None","Standard Letter","None","Bus Course for Surcharge (BUS); TAG Course (TG)"
"202710","12168","ISA","125","  B","Business Statistics","Oxford","65","45","3","Face-to-Face","None","$300.00 - $428.28","MWF|MWF","9:20am-10:15am|9:20am-10:15am","DSB 126|DSB 128","08/24-12/11|08/24-12/11","Santiago-Montano, Stephanie","125 Introduction to Business Statistics (3)

This course provides an introduction to data, probability, sampling and its importance to analytical decision-making in business. Upon successful completion of this course, students will have the foundational skills necessary to summarize data, describe relationships among variables, and conduct one-sample and two-sample statistical inference. Note: Credit for graduation will not be given for more than one of STA 125, ISA 125, STA 261, STA 301, or STA 368. Prerequisites: MTH 102 or MTH 121 or MTH 125, MTH 122, MTH 141 or MTH 151; ACT Math Score of 22 or higher; SAT Math Score of 540 or higher; or Miami International Math Placement Test score of 8 or higher; or successful completion of MTH 025; or permission of department chair. Cross-listed with STA 125.","None","Undergraduate","None","Standard Letter","None","Bus Course for Surcharge (BUS); TAG Course (TG)"
"202710","12169","ISA","125","  C","Business Statistics","Oxford","65","45","3","Face-to-Face","None","$300.00 - $428.28","MWF|MWF","10:30am-11:25am|10:30am-11:25am","DSB 126|DSB 128","08/24-12/11|08/24-12/11","Santiago-Montano, Stephanie","125 Introduction to Business Statistics (3)

This course provides an introduction to data, probability, sampling and its importance to analytical decision-making in business. Upon successful completion of this course, students will have the foundational skills necessary to summarize data, describe relationships among variables, and conduct one-sample and two-sample statistical inference. Note: Credit for graduation will not be given for more than one of STA 125, ISA 125, STA 261, STA 301, or STA 368. Prerequisites: MTH 102 or MTH 121 or MTH 125, MTH 122, MTH 141 or MTH 151; ACT Math Score of 22 or higher; SAT Math Score of 540 or higher; or Miami International Math Placement Test score of 8 or higher; or successful completion of MTH 025; or permission of department chair. Cross-listed with STA 125.","None","Undergraduate","None","Standard Letter","None","Bus Course for Surcharge (BUS); TAG Course (TG)"
"202710","12170","ISA","125","  D","Business Statistics","Oxford","63","45","3","Face-to-Face","None","$300.00 - $428.28","MWF|MWF","12:05pm-1:00pm|12:05pm-1:00pm","DSB 126|DSB 128","08/24-12/11|08/24-12/11","Santiago-Montano, Stephanie","125 Introduction to Business Statistics (3)

This course provides an introduction to data, probability, sampling and its importance to analytical decision-making in business. Upon successful completion of this course, students will have the foundational skills necessary to summarize data, describe relationships among variables, and conduct one-sample and two-sample statistical inference. Note: Credit for graduation will not be given for more than one of STA 125, ISA 125, STA 261, STA 301, or STA 368. Prerequisites: MTH 102 or MTH 121 or MTH 125, MTH 122, MTH 141 or MTH 151; ACT Math Score of 22 or higher; SAT Math Score of 540 or higher; or Miami International Math Placement Test score of 8 or higher; or successful completion of MTH 025; or permission of department chair. Cross-listed with STA 125.","None","Undergraduate","None","Standard Letter","None","Bus Course for Surcharge (BUS); TAG Course (TG)"
"202710","12171","ISA","125","  E","Business Statistics","Oxford","64","45","3","Face-to-Face","None","$300.00 - $428.28","MW|MW","1:15pm-2:35pm|1:15pm-2:35pm","DSB 126|DSB 128","08/24-12/11|08/24-12/11","Stikeleather, Ralph","125 Introduction to Business Statistics (3)

This course provides an introduction to data, probability, sampling and its importance to analytical decision-making in business. Upon successful completion of this course, students will have the foundational skills necessary to summarize data, describe relationships among variables, and conduct one-sample and two-sample statistical inference. Note: Credit for graduation will not be given for more than one of STA 125, ISA 125, STA 261, STA 301, or STA 368. Prerequisites: MTH 102 or MTH 121 or MTH 125, MTH 122, MTH 141 or MTH 151; ACT Math Score of 22 or higher; SAT Math Score of 540 or higher; or Miami International Math Placement Test score of 8 or higher; or successful completion of MTH 025; or permission of department chair. Cross-listed with STA 125.","None","Undergraduate","None","Standard Letter","None","Bus Course for Surcharge (BUS); TAG Course (TG)"
"202710","12172","ISA","125","  F","Business Statistics","Oxford","66","45","3","Face-to-Face","None","$300.00 - $428.28","MW|MW","2:50pm-4:10pm|2:50pm-4:10pm","DSB 126|DSB 128","08/24-12/11|08/24-12/11","Stikeleather, Ralph","125 Introduction to Business Statistics (3)

This course provides an introduction to data, probability, sampling and its importance to analytical decision-making in business. Upon successful completion of this course, students will have the foundational skills necessary to summarize data, describe relationships among variables, and conduct one-sample and two-sample statistical inference. Note: Credit for graduation will not be given for more than one of STA 125, ISA 125, STA 261, STA 301, or STA 368. Prerequisites: MTH 102 or MTH 121 or MTH 125, MTH 122, MTH 141 or MTH 151; ACT Math Score of 22 or higher; SAT Math Score of 540 or higher; or Miami International Math Placement Test score of 8 or higher; or successful completion of MTH 025; or permission of department chair. Cross-listed with STA 125.","None","Undergraduate","None","Standard Letter","None","Bus Course for Surcharge (BUS); TAG Course (TG)"
"202710","13628","ISA","125","  G","Business Statistics","Oxford","33","30","3","Face-to-Face","None","$300.00 - $428.28","TR","11:40am-1:00pm","DSB 126","08/24-12/11","Tait, Jordan","125 Introduction to Business Statistics (3)

This course provides an introduction to data, probability, sampling and its importance to analytical decision-making in business. Upon successful completion of this course, students will have the foundational skills necessary to summarize data, describe relationships among variables, and conduct one-sample and two-sample statistical inference. Note: Credit for graduation will not be given for more than one of STA 125, ISA 125, STA 261, STA 301, or STA 368. Prerequisites: MTH 102 or MTH 121 or MTH 125, MTH 122, MTH 141 or MTH 151; ACT Math Score of 22 or higher; SAT Math Score of 540 or higher; or Miami International Math Placement Test score of 8 or higher; or successful completion of MTH 025; or permission of department chair. Cross-listed with STA 125.","None","Undergraduate","None","Standard Letter","None","Bus Course for Surcharge (BUS); TAG Course (TG)"
"202710","12263","ISA","125","  H","Business Statistics","Oxford","64","45","3","Face-to-Face","None","$300.00 - $428.28","TR|TR","1:15pm-2:35pm|1:15pm-2:35pm","DSB 126|DSB 128","08/24-12/11|08/24-12/11","Tait, Jordan","125 Introduction to Business Statistics (3)

This course provides an introduction to data, probability, sampling and its importance to analytical decision-making in business. Upon successful completion of this course, students will have the foundational skills necessary to summarize data, describe relationships among variables, and conduct one-sample and two-sample statistical inference. Note: Credit for graduation will not be given for more than one of STA 125, ISA 125, STA 261, STA 301, or STA 368. Prerequisites: MTH 102 or MTH 121 or MTH 125, MTH 122, MTH 141 or MTH 151; ACT Math Score of 22 or higher; SAT Math Score of 540 or higher; or Miami International Math Placement Test score of 8 or higher; or successful completion of MTH 025; or permission of department chair. Cross-listed with STA 125.","None","Undergraduate","None","Standard Letter","None","Bus Course for Surcharge (BUS); TAG Course (TG)"
"202710","12264","ISA","125","  I","Business Statistics","Oxford","65","45","3","Face-to-Face","None","$300.00 - $428.28","TR|TR","2:50pm-4:10pm|2:50pm-4:10pm","DSB 126|DSB 128","08/24-12/11|08/24-12/11","Tait, Jordan","125 Introduction to Business Statistics (3)

This course provides an introduction to data, probability, sampling and its importance to analytical decision-making in business. Upon successful completion of this course, students will have the foundational skills necessary to summarize data, describe relationships among variables, and conduct one-sample and two-sample statistical inference. Note: Credit for graduation will not be given for more than one of STA 125, ISA 125, STA 261, STA 301, or STA 368. Prerequisites: MTH 102 or MTH 121 or MTH 125, MTH 122, MTH 141 or MTH 151; ACT Math Score of 22 or higher; SAT Math Score of 540 or higher; or Miami International Math Placement Test score of 8 or higher; or successful completion of MTH 025; or permission of department chair. Cross-listed with STA 125.","None","Undergraduate","None","Standard Letter","None","Bus Course for Surcharge (BUS); TAG Course (TG)"
"202710","12265","ISA","125","  J","Business Statistics","Oxford","61","45","3","Face-to-Face","None","$300.00 - $428.28","TR|TR","4:25pm-5:45pm|4:25pm-5:45pm","DSB 126|DSB 128","08/24-12/11|08/24-12/11","Stikeleather, Ralph","125 Introduction to Business Statistics (3)

This course provides an introduction to data, probability, sampling and its importance to analytical decision-making in business. Upon successful completion of this course, students will have the foundational skills necessary to summarize data, describe relationships among variables, and conduct one-sample and two-sample statistical inference. Note: Credit for graduation will not be given for more than one of STA 125, ISA 125, STA 261, STA 301, or STA 368. Prerequisites: MTH 102 or MTH 121 or MTH 125, MTH 122, MTH 141 or MTH 151; ACT Math Score of 22 or higher; SAT Math Score of 540 or higher; or Miami International Math Placement Test score of 8 or higher; or successful completion of MTH 025; or permission of department chair. Cross-listed with STA 125.","None","Undergraduate","None","Standard Letter","None","Bus Course for Surcharge (BUS); TAG Course (TG)"
"202710","15837","ISA","125","  L","Business Statistics","Oxford","65","0","3","Face-to-Face","None","$300.00 - $428.28","MW|MW","4:40pm-6:00pm|4:40pm-6:00pm","DSB 126|DSB 128","08/24-12/11|08/24-12/11","Stikeleather, Ralph","125 Introduction to Business Statistics (3)

This course provides an introduction to data, probability, sampling and its importance to analytical decision-making in business. Upon successful completion of this course, students will have the foundational skills necessary to summarize data, describe relationships among variables, and conduct one-sample and two-sample statistical inference. Note: Credit for graduation will not be given for more than one of STA 125, ISA 125, STA 261, STA 301, or STA 368. Prerequisites: MTH 102 or MTH 121 or MTH 125, MTH 122, MTH 141 or MTH 151; ACT Math Score of 22 or higher; SAT Math Score of 540 or higher; or Miami International Math Placement Test score of 8 or higher; or successful completion of MTH 025; or permission of department chair. Cross-listed with STA 125.","None","Undergraduate","None","Standard Letter","None","Bus Course for Surcharge (BUS); TAG Course (TG)"
"202710","13629","ISA","211","  B","IT & Business Decision Making","Oxford","28","31","3","Face-to-Face","None","$300.00 - $428.28","TR","8:30am-9:50am","FSB 0005","08/24-12/11","Gowins, Michael","211 Information Technology and Data Driven Decision Making in Business (3)

Introduction to the concepts of information systems and analytics used to support organizations for the non-business major. Focus is on the critical information technology and systems impacting the operations of organizations in the digital world. Additionally, how organizations use business analytics to make data-driven decisions will be covered.","None","Undergraduate","None","Standard Letter","None","Bus Course for Surcharge (BUS)"
"202710","11606","ISA","225","  A","Business Analytics","Oxford","38","37","3","Face-to-Face","None","$300.00 - $428.28","TR","8:30am-9:50am","FSB 0003","08/24-12/11","Davidson, Lauren","225 Principles of Business Analytics (3)

Provides a continuation of the study of data and its importance to analytical decision-making in business. Topics include: probability and classification, data visualization, two or more population inference, predictive modeling with simple and multiple regression analysis, business forecasting, data-mining. Emphasis on computer implementation, analysis of real data, and communication of results. Prerequisite: (MTH 141 or MTH 151) and ISA/STA 125.","None","Undergraduate","None","Standard Letter","None","Bus Course for Surcharge (BUS); TAG Course (TG)"
"202710","11794","ISA","225","  B","Business Analytics","Oxford","39","37","3","Face-to-Face","None","$300.00 - $428.28","TR","10:05am-11:25am","FSB 0003","08/24-12/11","Davidson, Lauren","225 Principles of Business Analytics (3)

Provides a continuation of the study of data and its importance to analytical decision-making in business. Topics include: probability and classification, data visualization, two or more population inference, predictive modeling with simple and multiple regression analysis, business forecasting, data-mining. Emphasis on computer implementation, analysis of real data, and communication of results. Prerequisite: (MTH 141 or MTH 151) and ISA/STA 125.","None","Undergraduate","None","Standard Letter","None","Bus Course for Surcharge (BUS); TAG Course (TG)"
"202710","11607","ISA","225","  C","Business Analytics","Oxford","37","37","3","Face-to-Face","None","$300.00 - $428.28","MWF","8:10am-9:05am","FSB 0003","08/24-12/11","Kesh, Mark","225 Principles of Business Analytics (3)

Provides a continuation of the study of data and its importance to analytical decision-making in business. Topics include: probability and classification, data visualization, two or more population inference, predictive modeling with simple and multiple regression analysis, business forecasting, data-mining. Emphasis on computer implementation, analysis of real data, and communication of results. Prerequisite: (MTH 141 or MTH 151) and ISA/STA 125.","None","Undergraduate","None","Standard Letter","None","Bus Course for Surcharge (BUS); TAG Course (TG)"
"202710","11608","ISA","225","  D","Business Analytics","Oxford","38","37","3","Face-to-Face","None","$300.00 - $428.28","MWF","10:30am-11:25am","FSB 0003","08/24-12/11","Kesh, Mark","225 Principles of Business Analytics (3)

Provides a continuation of the study of data and its importance to analytical decision-making in business. Topics include: probability and classification, data visualization, two or more population inference, predictive modeling with simple and multiple regression analysis, business forecasting, data-mining. Emphasis on computer implementation, analysis of real data, and communication of results. Prerequisite: (MTH 141 or MTH 151) and ISA/STA 125.","None","Undergraduate","None","Standard Letter","None","Bus Course for Surcharge (BUS); TAG Course (TG)"
"202710","11609","ISA","225","  E","Business Analytics","Oxford","37","37","3","Face-to-Face","None","$300.00 - $428.28","MWF","9:20am-10:15am","FSB 0003","08/24-12/11","Kesh, Mark","225 Principles of Business Analytics (3)

Provides a continuation of the study of data and its importance to analytical decision-making in business. Topics include: probability and classification, data visualization, two or more population inference, predictive modeling with simple and multiple regression analysis, business forecasting, data-mining. Emphasis on computer implementation, analysis of real data, and communication of results. Prerequisite: (MTH 141 or MTH 151) and ISA/STA 125.","None","Undergraduate","None","Standard Letter","None","Bus Course for Surcharge (BUS); TAG Course (TG)"
"202710","11610","ISA","225","  F","Business Analytics","Oxford","36","37","3","Face-to-Face","None","$300.00 - $428.28","MW","1:15pm-2:35pm","FSB 0003","08/24-12/11","Leonard, Robert","225 Principles of Business Analytics (3)

Provides a continuation of the study of data and its importance to analytical decision-making in business. Topics include: probability and classification, data visualization, two or more population inference, predictive modeling with simple and multiple regression analysis, business forecasting, data-mining. Emphasis on computer implementation, analysis of real data, and communication of results. Prerequisite: (MTH 141 or MTH 151) and ISA/STA 125.","None","Undergraduate","None","Standard Letter","None","Bus Course for Surcharge (BUS); TAG Course (TG)"
"202710","11795","ISA","225","  G","Business Analytics","Oxford","38","37","3","Face-to-Face","None","$300.00 - $428.28","TR","2:50pm-4:10pm","FSB 0003","08/24-12/11","Davidson, Lauren","225 Principles of Business Analytics (3)

Provides a continuation of the study of data and its importance to analytical decision-making in business. Topics include: probability and classification, data visualization, two or more population inference, predictive modeling with simple and multiple regression analysis, business forecasting, data-mining. Emphasis on computer implementation, analysis of real data, and communication of results. Prerequisite: (MTH 141 or MTH 151) and ISA/STA 125.","None","Undergraduate","None","Standard Letter","None","Bus Course for Surcharge (BUS); TAG Course (TG)"
"202710","11796","ISA","225","  H","Business Analytics","Oxford","38","37","3","Face-to-Face","None","$300.00 - $428.28","TR","4:25pm-5:45pm","FSB 0003","08/24-12/11","Davidson, Lauren","225 Principles of Business Analytics (3)

Provides a continuation of the study of data and its importance to analytical decision-making in business. Topics include: probability and classification, data visualization, two or more population inference, predictive modeling with simple and multiple regression analysis, business forecasting, data-mining. Emphasis on computer implementation, analysis of real data, and communication of results. Prerequisite: (MTH 141 or MTH 151) and ISA/STA 125.","None","Undergraduate","None","Standard Letter","None","Bus Course for Surcharge (BUS); TAG Course (TG)"
"202710","11611","ISA","225","  I","Business Analytics","Oxford","39","37","3","Face-to-Face","None","$300.00 - $428.28","TR","2:50pm-4:10pm","FSB 1023","08/24-12/11","Myers, William","225 Principles of Business Analytics (3)

Provides a continuation of the study of data and its importance to analytical decision-making in business. Topics include: probability and classification, data visualization, two or more population inference, predictive modeling with simple and multiple regression analysis, business forecasting, data-mining. Emphasis on computer implementation, analysis of real data, and communication of results. Prerequisite: (MTH 141 or MTH 151) and ISA/STA 125.","None","Undergraduate","None","Standard Letter","None","Bus Course for Surcharge (BUS); TAG Course (TG)"
"202710","11612","ISA","225","  J","Business Analytics","Oxford","40","37","3","Face-to-Face","None","$300.00 - $428.28","MW","2:50pm-4:10pm","FSB 0003","08/24-12/11","Leonard, Robert","225 Principles of Business Analytics (3)

Provides a continuation of the study of data and its importance to analytical decision-making in business. Topics include: probability and classification, data visualization, two or more population inference, predictive modeling with simple and multiple regression analysis, business forecasting, data-mining. Emphasis on computer implementation, analysis of real data, and communication of results. Prerequisite: (MTH 141 or MTH 151) and ISA/STA 125.","None","Undergraduate","None","Standard Letter","None","Bus Course for Surcharge (BUS); TAG Course (TG)"
"202710","11613","ISA","225","  K","Business Analytics","Oxford","37","37","3","Face-to-Face","None","$300.00 - $428.28","MW","4:25pm-5:45pm","FSB 0003","08/24-12/11","Leonard, Robert","225 Principles of Business Analytics (3)

Provides a continuation of the study of data and its importance to analytical decision-making in business. Topics include: probability and classification, data visualization, two or more population inference, predictive modeling with simple and multiple regression analysis, business forecasting, data-mining. Emphasis on computer implementation, analysis of real data, and communication of results. Prerequisite: (MTH 141 or MTH 151) and ISA/STA 125.","None","Undergraduate","None","Standard Letter","None","Bus Course for Surcharge (BUS); TAG Course (TG)"
"202710","13630","ISA","225","  M","Business Analytics","Oxford","32","32","3","Face-to-Face","None","$300.00 - $428.28","MWF","9:20am-10:15am","LWS 303","08/24-12/11","He, Laien","225 Principles of Business Analytics (3)

Provides a continuation of the study of data and its importance to analytical decision-making in business. Topics include: probability and classification, data visualization, two or more population inference, predictive modeling with simple and multiple regression analysis, business forecasting, data-mining. Emphasis on computer implementation, analysis of real data, and communication of results. Prerequisite: (MTH 141 or MTH 151) and ISA/STA 125.","None","Undergraduate","None","Standard Letter","None","Bus Course for Surcharge (BUS); TAG Course (TG)"
"202710","13631","ISA","225","  N","Business Analytics","Oxford","32","32","3","Face-to-Face","None","$300.00 - $428.28","MWF","10:30am-11:25am","LWS 303","08/24-12/11","He, Laien","225 Principles of Business Analytics (3)

Provides a continuation of the study of data and its importance to analytical decision-making in business. Topics include: probability and classification, data visualization, two or more population inference, predictive modeling with simple and multiple regression analysis, business forecasting, data-mining. Emphasis on computer implementation, analysis of real data, and communication of results. Prerequisite: (MTH 141 or MTH 151) and ISA/STA 125.","None","Undergraduate","None","Standard Letter","None","Bus Course for Surcharge (BUS); TAG Course (TG)"
"202710","14257","ISA","225","  O","Business Analytics","Oxford","32","32","3","Face-to-Face","None","$300.00 - $428.28","MWF","12:05pm-1:00pm","LWS 303","08/24-12/11","He, Laien","225 Principles of Business Analytics (3)

Provides a continuation of the study of data and its importance to analytical decision-making in business. Topics include: probability and classification, data visualization, two or more population inference, predictive modeling with simple and multiple regression analysis, business forecasting, data-mining. Emphasis on computer implementation, analysis of real data, and communication of results. Prerequisite: (MTH 141 or MTH 151) and ISA/STA 125.","None","Undergraduate","None","Standard Letter","None","Bus Course for Surcharge (BUS); TAG Course (TG)"
"202710","12555","ISA","225","  P","Business Analytics","Oxford","32","32","3","Face-to-Face","None","$300.00 - $428.28","MWF","8:10am-9:05am","LWS 303","08/24-12/11","He, Laien","225 Principles of Business Analytics (3)

Provides a continuation of the study of data and its importance to analytical decision-making in business. Topics include: probability and classification, data visualization, two or more population inference, predictive modeling with simple and multiple regression analysis, business forecasting, data-mining. Emphasis on computer implementation, analysis of real data, and communication of results. Prerequisite: (MTH 141 or MTH 151) and ISA/STA 125.","None","Undergraduate","None","Standard Letter","None","Bus Course for Surcharge (BUS); TAG Course (TG)"
"202710","14271","ISA","225","  Q","Business Analytics","Oxford","39","37","3","Face-to-Face","None","$300.00 - $428.28","MWF","12:05pm-1:00pm","FSB 0003","08/24-12/11","Kesh, Mark","225 Principles of Business Analytics (3)

Provides a continuation of the study of data and its importance to analytical decision-making in business. Topics include: probability and classification, data visualization, two or more population inference, predictive modeling with simple and multiple regression analysis, business forecasting, data-mining. Emphasis on computer implementation, analysis of real data, and communication of results. Prerequisite: (MTH 141 or MTH 151) and ISA/STA 125.","None","Undergraduate","None","Standard Letter","None","Bus Course for Surcharge (BUS); TAG Course (TG)"
"202710","11614","ISA","235","  A","IT & Intelligent Enterprise","Oxford","41","37","3","Hybrid Asynchronous","None","$300.00 - $428.28","M|","8:30am-9:50am|","FSB 0031|WEB ","08/24-12/11|08/24-12/11","McGuire, Carol; Alam, Maliha","235 Information Technology and the Intelligent Enterprise (3)

This course prepares students for today’s tech and data driven business world through a focus on the strategic and transformational role of information technology and data. Topics include: challenges faced by business leaders and how information technology can help meet those challenges, technology driven innovation and disruptive technologies, information ethics, and the processes and policies needed to manage technical and digital assets. The course leverages the skills learned in the prerequisite course to further develop and demonstrate data driven business problem solving using tools such as spreadsheets, data visualization, and artificial intelligence. Prerequisite: CSE 148.","None","Undergraduate","None","Standard Letter","Delivered via on campus face-to-face class meetings and asynchronous online learning","Hybrid Asynchronous (HYBA); Bus Course for Surcharge (BUS); Top 25 (T25)"
"202710","11615","ISA","235","  B","IT & Intelligent Enterprise","Oxford","42","37","3","Hybrid Asynchronous","None","$300.00 - $428.28","W|","8:30am-9:50am|","FSB 0031|WEB ","08/24-12/11|08/24-12/11","McGuire, Carol; Alam, Maliha","235 Information Technology and the Intelligent Enterprise (3)

This course prepares students for today’s tech and data driven business world through a focus on the strategic and transformational role of information technology and data. Topics include: challenges faced by business leaders and how information technology can help meet those challenges, technology driven innovation and disruptive technologies, information ethics, and the processes and policies needed to manage technical and digital assets. The course leverages the skills learned in the prerequisite course to further develop and demonstrate data driven business problem solving using tools such as spreadsheets, data visualization, and artificial intelligence. Prerequisite: CSE 148.","None","Undergraduate","None","Standard Letter","Delivered via on campus face-to-face class meetings and asynchronous online learning","Hybrid Asynchronous (HYBA); Bus Course for Surcharge (BUS); Top 25 (T25)"
"202710","11616","ISA","235","  C","IT & Intelligent Enterprise","Oxford","41","37","3","Hybrid Asynchronous","None","$300.00 - $428.28","M|","10:05am-11:25am|","FSB 0031|WEB ","08/24-12/11|08/24-12/11","McGuire, Carol; Alam, Maliha","235 Information Technology and the Intelligent Enterprise (3)

This course prepares students for today’s tech and data driven business world through a focus on the strategic and transformational role of information technology and data. Topics include: challenges faced by business leaders and how information technology can help meet those challenges, technology driven innovation and disruptive technologies, information ethics, and the processes and policies needed to manage technical and digital assets. The course leverages the skills learned in the prerequisite course to further develop and demonstrate data driven business problem solving using tools such as spreadsheets, data visualization, and artificial intelligence. Prerequisite: CSE 148.","None","Undergraduate","None","Standard Letter","Delivered via on campus face-to-face class meetings and asynchronous online learning","Hybrid Asynchronous (HYBA); Bus Course for Surcharge (BUS); Top 25 (T25)"
"202710","11617","ISA","235","  D","IT & Intelligent Enterprise","Oxford","40","37","3","Hybrid Asynchronous","None","$300.00 - $428.28","W|","10:05am-11:25am|","FSB 0031|WEB ","08/24-12/11|08/24-12/11","McGuire, Carol; Alam, Maliha","235 Information Technology and the Intelligent Enterprise (3)

This course prepares students for today’s tech and data driven business world through a focus on the strategic and transformational role of information technology and data. Topics include: challenges faced by business leaders and how information technology can help meet those challenges, technology driven innovation and disruptive technologies, information ethics, and the processes and policies needed to manage technical and digital assets. The course leverages the skills learned in the prerequisite course to further develop and demonstrate data driven business problem solving using tools such as spreadsheets, data visualization, and artificial intelligence. Prerequisite: CSE 148.","None","Undergraduate","None","Standard Letter","Delivered via on campus face-to-face class meetings and asynchronous online learning","Hybrid Asynchronous (HYBA); Bus Course for Surcharge (BUS); Top 25 (T25)"
"202710","11618","ISA","235","  E","IT & Intelligent Enterprise","Oxford","41","37","3","Hybrid Asynchronous","None","$300.00 - $428.28","M|","2:50pm-4:10pm|","FSB 0031|WEB ","08/24-12/11|08/24-12/11","Braun, Thomas; McGuire, Carol","235 Information Technology and the Intelligent Enterprise (3)

This course prepares students for today’s tech and data driven business world through a focus on the strategic and transformational role of information technology and data. Topics include: challenges faced by business leaders and how information technology can help meet those challenges, technology driven innovation and disruptive technologies, information ethics, and the processes and policies needed to manage technical and digital assets. The course leverages the skills learned in the prerequisite course to further develop and demonstrate data driven business problem solving using tools such as spreadsheets, data visualization, and artificial intelligence. Prerequisite: CSE 148.","None","Undergraduate","None","Standard Letter","None","Hybrid Asynchronous (HYBA); Bus Course for Surcharge (BUS); Top 25 (T25)"
"202710","11620","ISA","235","  F","IT & Intelligent Enterprise","Oxford","41","37","3","Hybrid Asynchronous","None","$300.00 - $428.28","W|","2:50pm-4:10pm|","FSB 0031|WEB ","08/24-12/11|08/24-12/11","Braun, Thomas; McGuire, Carol","235 Information Technology and the Intelligent Enterprise (3)

This course prepares students for today’s tech and data driven business world through a focus on the strategic and transformational role of information technology and data. Topics include: challenges faced by business leaders and how information technology can help meet those challenges, technology driven innovation and disruptive technologies, information ethics, and the processes and policies needed to manage technical and digital assets. The course leverages the skills learned in the prerequisite course to further develop and demonstrate data driven business problem solving using tools such as spreadsheets, data visualization, and artificial intelligence. Prerequisite: CSE 148.","None","Undergraduate","None","Standard Letter","None","Hybrid Asynchronous (HYBA); Bus Course for Surcharge (BUS); Top 25 (T25)"
"202710","11623","ISA","235","  G","IT & Intelligent Enterprise","Oxford","40","37","3","Hybrid Asynchronous","None","$300.00 - $428.28","M|","4:25pm-5:45pm|","FSB 0031|WEB ","08/24-12/11|08/24-12/11","Braun, Thomas; McGuire, Carol","235 Information Technology and the Intelligent Enterprise (3)

This course prepares students for today’s tech and data driven business world through a focus on the strategic and transformational role of information technology and data. Topics include: challenges faced by business leaders and how information technology can help meet those challenges, technology driven innovation and disruptive technologies, information ethics, and the processes and policies needed to manage technical and digital assets. The course leverages the skills learned in the prerequisite course to further develop and demonstrate data driven business problem solving using tools such as spreadsheets, data visualization, and artificial intelligence. Prerequisite: CSE 148.","None","Undergraduate","None","Standard Letter","None","Hybrid Asynchronous (HYBA); Bus Course for Surcharge (BUS); Top 25 (T25)"
"202710","12001","ISA","235","  H","IT & Intelligent Enterprise","Oxford","40","37","3","Hybrid Asynchronous","None","$300.00 - $428.28","W|","4:25pm-5:45pm|","FSB 0031|WEB ","08/24-12/11|08/24-12/11","Braun, Thomas; McGuire, Carol","235 Information Technology and the Intelligent Enterprise (3)

This course prepares students for today’s tech and data driven business world through a focus on the strategic and transformational role of information technology and data. Topics include: challenges faced by business leaders and how information technology can help meet those challenges, technology driven innovation and disruptive technologies, information ethics, and the processes and policies needed to manage technical and digital assets. The course leverages the skills learned in the prerequisite course to further develop and demonstrate data driven business problem solving using tools such as spreadsheets, data visualization, and artificial intelligence. Prerequisite: CSE 148.","None","Undergraduate","None","Standard Letter","None","Hybrid Asynchronous (HYBA); Bus Course for Surcharge (BUS); Top 25 (T25)"
"202710","12468","ISA","235","  J","IT & Intelligent Enterprise","Oxford","42","37","3","Face-to-Face","None","$300.00 - $428.28","TR","1:15pm-2:35pm","FSB 0031","08/24-12/11","Gowins, Michael","235 Information Technology and the Intelligent Enterprise (3)

This course prepares students for today’s tech and data driven business world through a focus on the strategic and transformational role of information technology and data. Topics include: challenges faced by business leaders and how information technology can help meet those challenges, technology driven innovation and disruptive technologies, information ethics, and the processes and policies needed to manage technical and digital assets. The course leverages the skills learned in the prerequisite course to further develop and demonstrate data driven business problem solving using tools such as spreadsheets, data visualization, and artificial intelligence. Prerequisite: CSE 148.","None","Undergraduate","None","Standard Letter","None","Bus Course for Surcharge (BUS); Top 25 (T25)"
"202710","11621","ISA","235","  K","IT & Intelligent Enterprise","Oxford","37","37","3","Face-to-Face","None","$300.00 - $428.28","TR","2:50pm-4:10pm","FSB 0031","08/24-12/11","Gowins, Michael","235 Information Technology and the Intelligent Enterprise (3)

This course prepares students for today’s tech and data driven business world through a focus on the strategic and transformational role of information technology and data. Topics include: challenges faced by business leaders and how information technology can help meet those challenges, technology driven innovation and disruptive technologies, information ethics, and the processes and policies needed to manage technical and digital assets. The course leverages the skills learned in the prerequisite course to further develop and demonstrate data driven business problem solving using tools such as spreadsheets, data visualization, and artificial intelligence. Prerequisite: CSE 148.","None","Undergraduate","None","Standard Letter","None","Bus Course for Surcharge (BUS); Top 25 (T25)"
"202710","11622","ISA","235","  M","IT & Intelligent Enterprise","Oxford","32","32","3","Face-to-Face","None","$300.00 - $428.28","TR","8:30am-9:50am","DSB 128","08/24-12/11","Morissette, Rachelle","235 Information Technology and the Intelligent Enterprise (3)

This course prepares students for today’s tech and data driven business world through a focus on the strategic and transformational role of information technology and data. Topics include: challenges faced by business leaders and how information technology can help meet those challenges, technology driven innovation and disruptive technologies, information ethics, and the processes and policies needed to manage technical and digital assets. The course leverages the skills learned in the prerequisite course to further develop and demonstrate data driven business problem solving using tools such as spreadsheets, data visualization, and artificial intelligence. Prerequisite: CSE 148.","None","Undergraduate","None","Standard Letter","None","Bus Course for Surcharge (BUS); Top 25 (T25)"
"202710","13263","ISA","235","  N","IT & Intelligent Enterprise","Oxford","32","32","3","Face-to-Face","None","$300.00 - $428.28","TR","10:05am-11:25am","DSB 128","08/24-12/11","Morissette, Rachelle","235 Information Technology and the Intelligent Enterprise (3)

This course prepares students for today’s tech and data driven business world through a focus on the strategic and transformational role of information technology and data. Topics include: challenges faced by business leaders and how information technology can help meet those challenges, technology driven innovation and disruptive technologies, information ethics, and the processes and policies needed to manage technical and digital assets. The course leverages the skills learned in the prerequisite course to further develop and demonstrate data driven business problem solving using tools such as spreadsheets, data visualization, and artificial intelligence. Prerequisite: CSE 148.","None","Undergraduate","None","Standard Letter","None","Bus Course for Surcharge (BUS); Top 25 (T25)"
"202710","14277","ISA","235","  O","IT & Intelligent Enterprise","Oxford","32","32","3","Face-to-Face","None","$300.00 - $428.28","TR","11:40am-1:00pm","DSB 128","08/24-12/11","Morissette, Rachelle","235 Information Technology and the Intelligent Enterprise (3)

This course prepares students for today’s tech and data driven business world through a focus on the strategic and transformational role of information technology and data. Topics include: challenges faced by business leaders and how information technology can help meet those challenges, technology driven innovation and disruptive technologies, information ethics, and the processes and policies needed to manage technical and digital assets. The course leverages the skills learned in the prerequisite course to further develop and demonstrate data driven business problem solving using tools such as spreadsheets, data visualization, and artificial intelligence. Prerequisite: CSE 148.","None","Undergraduate","None","Standard Letter","None","Bus Course for Surcharge (BUS); Top 25 (T25)"
"202710","15860","ISA","235","  P","IT & Intelligent Enterprise","Oxford","37","35","3","Face-to-Face","None","$300.00 - $428.28","TR","11:40am-1:00pm","FSB 0003","08/24-12/11","Nwankpa, Joseph","235 Information Technology and the Intelligent Enterprise (3)

This course prepares students for today’s tech and data driven business world through a focus on the strategic and transformational role of information technology and data. Topics include: challenges faced by business leaders and how information technology can help meet those challenges, technology driven innovation and disruptive technologies, information ethics, and the processes and policies needed to manage technical and digital assets. The course leverages the skills learned in the prerequisite course to further develop and demonstrate data driven business problem solving using tools such as spreadsheets, data visualization, and artificial intelligence. Prerequisite: CSE 148.","None","Undergraduate","None","Standard Letter","None","Bus Course for Surcharge (BUS); Top 25 (T25)"
"202710","16107","ISA","235","  Q","IT & Intelligent Enterprise","Oxford","37","35","3","Face-to-Face","None","$300.00 - $428.28","TR","4:25pm-5:45pm","FSB 0031","08/24-12/11","Gowins, Michael","235 Information Technology and the Intelligent Enterprise (3)

This course prepares students for today’s tech and data driven business world through a focus on the strategic and transformational role of information technology and data. Topics include: challenges faced by business leaders and how information technology can help meet those challenges, technology driven innovation and disruptive technologies, information ethics, and the processes and policies needed to manage technical and digital assets. The course leverages the skills learned in the prerequisite course to further develop and demonstrate data driven business problem solving using tools such as spreadsheets, data visualization, and artificial intelligence. Prerequisite: CSE 148.","None","Undergraduate","None","Standard Letter","None","Bus Course for Surcharge (BUS); Top 25 (T25)"
"202710","16132","ISA","235","  R","IT & Intelligent Enterprise","Oxford","28","0","3","Face-to-Face","None","$300.00 - $428.28","TR","8:30am-9:50am","DSB 126","08/24-12/11","Tufon, Rosemary","235 Information Technology and the Intelligent Enterprise (3)

This course prepares students for today’s tech and data driven business world through a focus on the strategic and transformational role of information technology and data. Topics include: challenges faced by business leaders and how information technology can help meet those challenges, technology driven innovation and disruptive technologies, information ethics, and the processes and policies needed to manage technical and digital assets. The course leverages the skills learned in the prerequisite course to further develop and demonstrate data driven business problem solving using tools such as spreadsheets, data visualization, and artificial intelligence. Prerequisite: CSE 148.","None","Undergraduate","None","Standard Letter","None","Bus Course for Surcharge (BUS); Top 25 (T25)"
"202710","11694","ISA","235H","  A","IT & Intelligent Enterprise","Oxford","17","25","3","Face-to-Face","None","$300.00 - $428.28","MW","11:40am-1:00pm","FSB 0031","08/24-12/11","Benamati, John","None","None","Undergraduate","None","Standard Letter","Honors exclusive course. COURSE DESCRIPTION: Focuses on the strategic role of information technology and systems. Topics include: Challenges faced by managers in firms, understanding key technologies and how they help meet these challenges, and the processes, policies and procedures needed to manage technical and digital assets.","Bus Course for Surcharge (BUS); Honors Course (HONC); Top 25 (T25)"
"202710","14293","ISA","301","  B","Business Data Comm. & Security","Oxford","30","35","3","Face-to-Face","None","$300.00 - $428.28","TR","1:15pm-2:35pm","FSB 0003","08/24-12/11","Nwankpa, Joseph","301 Business Data Communications and Security (3) 

Introduces theory, concepts and applications of data communications technologies in a today’s business environment. It includes and introduction to personal, local and wide area network architectures as well as wired, wireless, and mobile technology standards employed in those architectures. The course also introduces the business issues related to network and data security and covers methodologies and technologies commonly employed to protect corporate data assets. Finally, the course explores emerging standards and other related management considerations such as cloud computing. Prerequisite: ISA 235.
","None","Undergraduate","None","Standard Letter","None","Bus Course for Surcharge (BUS)"
"202710","10864","ISA","303","  A","Enterprise Systems","Oxford","19","21","3","Face-to-Face","None","$300.00 - $428.28","TR","11:40am-1:00pm","FSB 2037","08/24-12/11","Ozdemir, Zafer","303 Enterprise Systems (3)

An introduction to enterprise systems such as enterprise resource planning (ERP), Supply Chain and customer relationship management (CRM) systems. Both managerial and technological considerations in the implementation and use of these systems within businesses will be explored in depth. Prerequisite: ISA 235.","None","Undergraduate","None","Standard Letter","None","Bus Course for Surcharge (BUS)"
"202710","12733","ISA","321","  B","Optimization in Bus. Analytics","Oxford","29","35","3","Face-to-Face","None","$300.00 - $428.28","TR","8:30am-9:50am","FSB 2050","08/24-12/11","Rysz, Maciej","321 Optimization in Business Analytics (3)

Students will construct and analyze prescriptive models that guide and improve business operations. Emphasis is put on optimization models that capture complex real-life settings as defined by business performance measures, limited resources and/or other requirements, and various decision types.  Selected topics include linear, integer, and nonlinear programming, and network analytics.  Among others, examples rooted in production management, supply chain, human labor allocation, finance and social network analysis will be covered. Prerequisite: ISA 225.","None","Undergraduate","None","Standard Letter","None","Bus Course for Surcharge (BUS)"
"202710","14278","ISA","345","  A","Database Systems","Oxford","23","20","3","Face-to-Face","None","$300.00 - $428.28","TR","1:15pm-2:35pm","FSB 2050","08/24-12/11","Tufon, Rosemary","345 Database Systems and Data Warehousing (3)

Provides an understanding of the importance of database systems in organizations. The course focuses on database concepts, design methodologies, database management systems, structured query language, implementation of database systems, and data warehousing. Prerequisite: ISA 235 or ISA 211.","None","Undergraduate","None","Standard Letter","None","Bus Course for Surcharge (BUS)"
"202710","14279","ISA","345","  B","Database Systems","Oxford","22","20","3","Face-to-Face","None","$300.00 - $428.28","TR","2:50pm-4:10pm","FSB 2050","08/24-12/11","Tufon, Rosemary","345 Database Systems and Data Warehousing (3)

Provides an understanding of the importance of database systems in organizations. The course focuses on database concepts, design methodologies, database management systems, structured query language, implementation of database systems, and data warehousing. Prerequisite: ISA 235 or ISA 211.","None","Undergraduate","None","Standard Letter","None","Bus Course for Surcharge (BUS)"
"202710","14281","ISA","345","  D","Database Systems","Oxford","24","20","3","Face-to-Face","None","$300.00 - $428.28","TR","10:05am-11:25am","DSB 126","08/24-12/11","Tufon, Rosemary","345 Database Systems and Data Warehousing (3)

Provides an understanding of the importance of database systems in organizations. The course focuses on database concepts, design methodologies, database management systems, structured query language, implementation of database systems, and data warehousing. Prerequisite: ISA 235 or ISA 211.","None","Undergraduate","None","Standard Letter","None","Bus Course for Surcharge (BUS)"
"202710","10865","ISA","365","  A","Monitoring/Design","Oxford","24","30","3","Face-to-Face","None","$300.00 - $428.28","TR","8:30am-9:50am","FSB 1023","08/24-12/11","Surer, Ozge","365 Statistical Monitoring and Design of Experiments (3)

Introduction to statistical methods for monitoring process data and data streams.  Introduction to experimental design with applications in business analytics. Prerequisite: ISA 225 or STA 301 or STA 363 or equivalent. Cross-listed with STA 365.","ISA 365 (10865); STA 365 (14254)","Undergraduate","None","Standard Letter","None","Bus Course for Surcharge (BUS)"
"202710","15771","ISA","365","  B","Monitoring/Design","Oxford","30","30","3","Face-to-Face","None","$300.00 - $428.28","TR","10:05am-11:25am","FSB 1023","08/24-12/11","Surer, Ozge","365 Statistical Monitoring and Design of Experiments (3)

Introduction to statistical methods for monitoring process data and data streams.  Introduction to experimental design with applications in business analytics. Prerequisite: ISA 225 or STA 301 or STA 363 or equivalent. Cross-listed with STA 365.","ISA 365 (15771); STA 365 (16093)","Undergraduate","None","Standard Letter","None","Bus Course for Surcharge (BUS)"
"202710","14283","ISA","381","  B","Business Programming","Oxford","34","30","3","Face-to-Face","None","$300.00 - $428.28","MW","2:50pm-4:10pm","FSB 2050","08/24-12/11","Alam, Maliha","381 Concepts in Business Programming (3)

The course focuses on the advanced structuring, design, and development of scalable, data-driven business applications. Emphasis is placed on using structured and object-oriented programming techniques, including subroutines, functions, lambda expressions, and custom libraries, for data retrieval, logic development, and information presentation across multiple file formats (TXT, CSV, Excel, databases).","None","Undergraduate","None","Standard Letter","None","Bus Course for Surcharge (BUS)"
"202710","14287","ISA","381","  C","Business Programming","Oxford","30","30","3","Face-to-Face","None","$300.00 - $428.28","MW","4:25pm-5:45pm","FSB 2050","08/24-12/11","Alam, Maliha","381 Concepts in Business Programming (3)

The course focuses on the advanced structuring, design, and development of scalable, data-driven business applications. Emphasis is placed on using structured and object-oriented programming techniques, including subroutines, functions, lambda expressions, and custom libraries, for data retrieval, logic development, and information presentation across multiple file formats (TXT, CSV, Excel, databases).","None","Undergraduate","None","Standard Letter","None","Bus Course for Surcharge (BUS)"
"202710","10866","ISA","387","  A","Designing Business Systems","Oxford","22","30","3","Face-to-Face","None","$300.00 - $428.28","MW","1:15pm-2:35pm","FSB 0031","08/24-12/11","Benamati, John","387 Designing Business Systems (3)

Introduces contemporary approaches for planning, evaluating, and acquiring business software applications such as development, outsourcing, and purchase. Provides an understanding of the business and development environment, the application life cycle, methods, techniques, and tools used today. Co-requisite: ISA 345 or CSE 385.","None","Undergraduate","None","Standard Letter","None","Bus Course for Surcharge (BUS)"
"202710","14286","ISA","391","  A","Appl Regression Anlys in Bus.","Oxford","24","30","3","Face-to-Face","None","$300.00 - $428.28","TR","11:40am-1:00pm","FSB 0031","08/24-12/11","Kang, Yicheng","391 Applied Regression Analysis in Business (3)

Multiple regression as related to the analysis of business problems. Includes both explanatory and predictive use of regression models.  Topics include statistical inference (intervals and hypothesis tests), model assumptions, model building, and model evaluation. Prerequisites: ISA 225 with a grade of C or better, or SLM 275 with a C or better.","None","Undergraduate","None","Standard Letter","None","Bus Course for Surcharge (BUS)"
"202710","14289","ISA","391","  B","Appl Regression Anlys in Bus.","Oxford","22","30","3","Face-to-Face","None","$300.00 - $428.28","TR","8:30am-9:50am","FSB 0031","08/24-12/11","Weese, Maria","391 Applied Regression Analysis in Business (3)

Multiple regression as related to the analysis of business problems. Includes both explanatory and predictive use of regression models.  Topics include statistical inference (intervals and hypothesis tests), model assumptions, model building, and model evaluation. Prerequisites: ISA 225 with a grade of C or better, or SLM 275 with a C or better.","None","Undergraduate","None","Standard Letter","None","Bus Course for Surcharge (BUS)"
"202710","14292","ISA","391","  C","Appl Regression Anlys in Bus.","Oxford","30","30","3","Face-to-Face","None","$300.00 - $428.28","TR","10:05am-11:25am","FSB 0031","08/24-12/11","Weese, Maria","391 Applied Regression Analysis in Business (3)

Multiple regression as related to the analysis of business problems. Includes both explanatory and predictive use of regression models.  Topics include statistical inference (intervals and hypothesis tests), model assumptions, model building, and model evaluation. Prerequisites: ISA 225 with a grade of C or better, or SLM 275 with a C or better.","None","Undergraduate","None","Standard Letter","None","Bus Course for Surcharge (BUS)"
"202710","11361","ISA","401","  A","BI & Data Visualization","Oxford","35","35","3","Face-to-Face","None","$300.00 - $428.28","MW","8:30am-9:50am","FSB 2050","08/24-12/11","Megahed, Fadel","401/501 Business Intelligence and Data Visualization (3)

An introduction to the use of business intelligence and data visualization in organizations, with emphasis on how information is gathered, stored, analyzed, and used. Topics covered include business intelligence, data warehousing, data visualization, and data mining. Prerequisite: ISA 245 or ISA 345 or CSE 385.","None","Undergraduate","None","Standard Letter","None","Bus Course for Surcharge (BUS)"
"202710","11362","ISA","401","  B","BI & Data Visualization","Oxford","35","35","3","Face-to-Face","None","$300.00 - $428.28","MW","10:05am-11:25am","FSB 2050","08/24-12/11","Megahed, Fadel","401/501 Business Intelligence and Data Visualization (3)

An introduction to the use of business intelligence and data visualization in organizations, with emphasis on how information is gathered, stored, analyzed, and used. Topics covered include business intelligence, data warehousing, data visualization, and data mining. Prerequisite: ISA 245 or ISA 345 or CSE 385.","None","Undergraduate","None","Standard Letter","None","Bus Course for Surcharge (BUS)"
"202710","12173","ISA","414","  A","Managing Big Data","Oxford","33","35","3","Face-to-Face","None","$300.00 - $428.28","MW","11:40am-1:00pm","FSB 2050","08/24-12/11","Xu, Rayna","414/514 Managing Big Data (3)

The course covers both theories and technologies needed to successfully extract insights from unstructured data and large-scale datasets. Upon successful completion of the course, students will be able to articulate the importance of data analytics and big data management inside organizations. Moreover, they will be able to develop big data solutions to support business decisions and new business strategies. Prerequisite: One of (ISA 281, ISA 381, ISA 401, ISA 491, STA 402, STA 404); or permission of instructor.","None","Undergraduate","None","Standard Letter","None","Bus Course for Surcharge (BUS)"
"202710","14295","ISA","414","  C","Managing Big Data","Oxford","19","35","3","Face-to-Face","None","$300.00 - $428.28","MW","1:15pm-2:35pm","FSB 2050","08/24-12/11","Xu, Rayna","414/514 Managing Big Data (3)

The course covers both theories and technologies needed to successfully extract insights from unstructured data and large-scale datasets. Upon successful completion of the course, students will be able to articulate the importance of data analytics and big data management inside organizations. Moreover, they will be able to develop big data solutions to support business decisions and new business strategies. Prerequisite: One of (ISA 281, ISA 381, ISA 401, ISA 491, STA 402, STA 404); or permission of instructor.","None","Undergraduate","None","Standard Letter","None","Bus Course for Surcharge (BUS)"
"202710","11118","ISA","444","  A","Business Forecasting","Oxford","21","30","3","Face-to-Face","None","$300.00 - $428.28","TR","2:50pm-4:10pm","FSB 2037","08/24-12/11","Farmer, L. Allison","444/544 Business Forecasting (3)

Applied techniques useful in analyzing and forecasting business time series. Emphasis on Box/Jenkins methodology. Time series regression with autocorrelated errors, exponential smoothing, and classical decomposition are also discussed. Prerequisite: ECO 311 or ISA 291 or ISA 391 or STA 463.","ISA 444 (11118); ISA 544 (13209)","Undergraduate","None","Standard Letter","None","Bus Course for Surcharge (BUS)"
"202710","10868","ISA","491","  A","Data Mining in Business","Oxford","30","30","3","Face-to-Face","None","$300.00 - $428.28","TR","1:15pm-2:35pm","FSB 2037","08/24-12/11","Kang, Yicheng","491/591 Introduction to Data Mining in Business (3)

Analysis of large data sets related to business is the focus. Topics such as cluster analysis, market basket analysis, tree diagrams, logistic regression, neural nets, model evaluation and application will be presented and implemented using current data mining software. Prerequisite: ECO 311 or ISA 291 or ISA 391 or STA 463.","None","Undergraduate","None","Standard Letter","None","Bus Course for Surcharge (BUS)"
"202710","11363","ISA","495","  A","Mnging the Intelligent Etrprse","Oxford","17","18","3","Face-to-Face","None","$300.00 - $428.28","TR","11:40am-1:00pm","FSB 1014","08/24-12/11","Anderson, Chad","495 Managing the Intelligent Enterprise (3)

Includes research, reading, writing, and discussion. Independent research on a topic and company from a management information systems perspective. Respond to issues or problems raised in cases in an analytic and creative manner. Present topic report and research to class. SC. Prerequisite: Farmer School of Business core courses, senior standing.
","None","Undergraduate","None","Standard Letter","None","Bus Course for Surcharge (BUS); Senior Capstone (SC)"
"202710","12014","ISA","495","  B","Mnging the Intelligent Etrprse","Oxford","15","18","3","Face-to-Face","None","$300.00 - $428.28","TR","1:15pm-2:35pm","FSB 1014","08/24-12/11","Anderson, Chad","495 Managing the Intelligent Enterprise (3)

Includes research, reading, writing, and discussion. Independent research on a topic and company from a management information systems perspective. Respond to issues or problems raised in cases in an analytic and creative manner. Present topic report and research to class. SC. Prerequisite: Farmer School of Business core courses, senior standing.
","None","Undergraduate","None","Standard Letter","None","Bus Course for Surcharge (BUS); Senior Capstone (SC)"
"202710","13036","ISA","514","  A","Managing Big Data","Oxford","20","0","3","Face-to-Face","None","$300.00 - $428.28","MW","11:40am-1:00pm","FSB 2037","08/24-12/11","Shan, Jay","414/514 Managing Big Data (3)

The course covers both theories and technologies needed to successfully extract insights from unstructured data and large-scale datasets. Upon successful completion of the course, students will be able to articulate the importance of data analytics and big data management inside organizations. Moreover, they will be able to develop big data solutions to support business decisions and new business strategies. Prerequisite: One of (ISA 281, ISA 381, ISA 401, ISA 491, STA 402, STA 404); or permission of instructor.","None","Graduate","None","Standard Letter","None","Market Driven Tuition (MDT); Bus Course for Surcharge (BUS)"
"202710","12738","ISA","514","  B","Managing Big Data","Oxford","23","0","3","Face-to-Face","None","$300.00 - $428.28","MW","1:15pm-2:35pm","FSB 2037","08/24-12/11","Shan, Jay","414/514 Managing Big Data (3)

The course covers both theories and technologies needed to successfully extract insights from unstructured data and large-scale datasets. Upon successful completion of the course, students will be able to articulate the importance of data analytics and big data management inside organizations. Moreover, they will be able to develop big data solutions to support business decisions and new business strategies. Prerequisite: One of (ISA 281, ISA 381, ISA 401, ISA 491, STA 402, STA 404); or permission of instructor.","None","Graduate","None","Standard Letter","None","Market Driven Tuition (MDT); Bus Course for Surcharge (BUS)"
"202710","13209","ISA","544","  A","Business Forecasting","Oxford","0","0","3","Face-to-Face","None","$300.00 - $428.28","TR","2:50pm-4:10pm","FSB 2037","08/24-12/11","Farmer, L. Allison","444/544 Business Forecasting (3)

Applied techniques useful in analyzing and forecasting business time series. Emphasis on Box/Jenkins methodology. Time series regression with autocorrelated errors, exponential smoothing, and classical decomposition are also discussed. Prerequisite: ECO 311 or ISA 291 or ISA 391 or STA 463.","ISA 444 (11118); ISA 544 (13209)","Graduate","None","Standard Letter","None","Market Driven Tuition (MDT); Bus Course for Surcharge (BUS)"
"202710","13712","ISA","591","  A","Data Mining in Business","Oxford","21","0","3","Face-to-Face","None","$300.00 - $428.28","MW","8:30am-9:50am","FSB 2037","08/24-12/11","Martinez, Waldyn","491/591 Introduction to Data Mining in Business (3)

Analysis of large data sets related to business is the focus. Topics such as cluster analysis, market basket analysis, tree diagrams, logistic regression, neural nets, model evaluation and application will be presented and implemented using current data mining software. Prerequisite: ECO 311 or ISA 291 or ISA 391 or STA 463.","None","Graduate","None","Standard Letter","None","Market Driven Tuition (MDT); Bus Course for Surcharge (BUS)"
"202710","14298","ISA","591","  B","Data Mining in Business","Oxford","21","0","3","Face-to-Face","None","$300.00 - $428.28","MW","10:05am-11:25am","FSB 2037","08/24-12/11","Martinez, Waldyn","491/591 Introduction to Data Mining in Business (3)

Analysis of large data sets related to business is the focus. Topics such as cluster analysis, market basket analysis, tree diagrams, logistic regression, neural nets, model evaluation and application will be presented and implemented using current data mining software. Prerequisite: ECO 311 or ISA 291 or ISA 391 or STA 463.","None","Graduate","None","Standard Letter","None","Market Driven Tuition (MDT); Bus Course for Surcharge (BUS)"
"202710","15777","ISA","612","  A","Advanced Business Intelligence","Oxford","24","0","3","Face-to-Face","None","$300.00 - $428.28","TR","8:30am-9:50am","FSB 2037","08/24-12/11","Ozdemir, Zafer","612 Advanced Business Intelligence (3)

This course introduces business intelligence and its supporting corporate data infrastructure. Students will learn how to retrieve, clean, manipulate and model structured data for business intelligence. Several scenarios will be introduced to illustrate the variety of techniques that may be used in preparing data for analysis. In addition, students will visualize data using sound visualization principles and build interactive dashboards that utilize multiple charts, filters, and key performance indicators, in order to explore data visually and to assess business performance at a glance. Prerequisites: Math concepts covered in ISA/STA 250.","None","Graduate","None","Standard Letter","None","Market Driven Tuition (MDT); Bus Course for Surcharge (BUS)"
"202710","15780","ISA","612","  B","Advanced Business Intelligence","Oxford","23","0","3","Face-to-Face","None","$300.00 - $428.28","TR","10:05am-11:25am","FSB 2037","08/24-12/11","Ozdemir, Zafer","612 Advanced Business Intelligence (3)

This course introduces business intelligence and its supporting corporate data infrastructure. Students will learn how to retrieve, clean, manipulate and model structured data for business intelligence. Several scenarios will be introduced to illustrate the variety of techniques that may be used in preparing data for analysis. In addition, students will visualize data using sound visualization principles and build interactive dashboards that utilize multiple charts, filters, and key performance indicators, in order to explore data visually and to assess business performance at a glance. Prerequisites: Math concepts covered in ISA/STA 250.","None","Graduate","None","Standard Letter","None","Bus Course for Surcharge (BUS); Market Driven Tuition (MDT)"
"202710","12175","ISA","616","  A","Communicating with Data","Oxford","23","0","3","Face-to-Face","None","$300.00 - $428.28","TR","11:40am-1:00pm","FSB 1023","08/24-12/11","Myers, William","616 Communicating with Data (3)

Bridges the study of technical and computational tools to the audiences who need the results of this work. This course will span the entire process of developing a data analytic product from consultation with a client to implementing a solution to presenting the solution to the client. This course will address the fundamentals of effectively communicating with and about quantitative analyses. Topics include using data visualization to describe data; document descriptive, predictive, and prescriptive analytical methods for reproducibility; write professional white papers and technical reports; and ethical considerations related to writing and communication with data.","None","Graduate","None","Standard Letter","None","Market Driven Tuition (MDT); Bus Course for Surcharge (BUS)"
"202710","14313","ISA","616","  B","Communicating with Data","Oxford","24","0","3","Face-to-Face","None","$300.00 - $428.28","TR","1:15pm-2:35pm","FSB 1023","08/24-12/11","Myers, William","616 Communicating with Data (3)

Bridges the study of technical and computational tools to the audiences who need the results of this work. This course will span the entire process of developing a data analytic product from consultation with a client to implementing a solution to presenting the solution to the client. This course will address the fundamentals of effectively communicating with and about quantitative analyses. Topics include using data visualization to describe data; document descriptive, predictive, and prescriptive analytical methods for reproducibility; write professional white papers and technical reports; and ethical considerations related to writing and communication with data.","None","Graduate","None","Standard Letter","None","Market Driven Tuition (MDT); Bus Course for Surcharge (BUS)"
"202710","14314","ISA","634","  A","Modeling & Optimization","Oxford","24","0","3","Face-to-Face","None","$300.00 - $428.28","TR","10:05am-11:25am","FSB 2050","08/24-12/11","Rysz, Maciej","634 Systems Modeling and Optimization (3)

This course offers a comprehensive exploration into several methods for designing and optimizing complex systems and complex decision processes. Students will learn the intricacies of creating mathematical programming models tailored to real-world scenarios, considering business metrics, resource constraints, and diverse decision-making contexts. Focus will also be put on modeling systems using networks, along with corresponding analysis tools rooted in graph theoretic methods. Throughout the course, students will gain insights into prescriptive analytics, network science, and complexity analysis, equipping them with skills applicable across various domains. Among others, practical examples from production management, supply chain dynamics, human resource allocation, financial modeling, and social network analysis will be used to demonstrate theoretical concepts and a wide range of applications.","None","Graduate","None","Standard Letter","None","Market Driven Tuition (MDT); Bus Course for Surcharge (BUS)"
"202710","14316","ISA","634","  B","Modeling & Optimization","Oxford","23","0","3","Face-to-Face","None","$300.00 - $428.28","TR","11:40am-1:00pm","FSB 2050","08/24-12/11","Rysz, Maciej","634 Systems Modeling and Optimization (3)

This course offers a comprehensive exploration into several methods for designing and optimizing complex systems and complex decision processes. Students will learn the intricacies of creating mathematical programming models tailored to real-world scenarios, considering business metrics, resource constraints, and diverse decision-making contexts. Focus will also be put on modeling systems using networks, along with corresponding analysis tools rooted in graph theoretic methods. Throughout the course, students will gain insights into prescriptive analytics, network science, and complexity analysis, equipping them with skills applicable across various domains. Among others, practical examples from production management, supply chain dynamics, human resource allocation, financial modeling, and social network analysis will be used to demonstrate theoretical concepts and a wide range of applications.","None","Graduate","None","Standard Letter","None","Market Driven Tuition (MDT); Bus Course for Surcharge (BUS)"
