Player,Pos,Age,G,FG,FG%,eFG%,PTS
Luka Dončić,PG,26,64,10.8,0.476,0.563,33.5
Shai Gilgeous-Alexander,PG,27,65,10.8,0.551,0.594,31.6
Anthony Edwards,SG,24,60,9.9,0.489,0.572,28.9
Jaylen Brown,SF,29,68,10.4,0.475,0.521,28.7
Tyrese Maxey,PG,25,66,10,0.463,0.538,28.6
Kawhi Leonard,SF,34,61,9.8,0.505,0.572,28
Nikola Jokić,C,30,62,10,0.571,0.622,27.9
Donovan Mitchell,SG,29,68,9.6,0.479,0.56,27.7
Giannis Antetokounmpo,PF,31,36,10.4,0.624,0.636,27.6
Stephen Curry,PG,37,39,8.9,0.468,0.585,27.2
Joel Embiid,C,31,37,9,0.491,0.529,26.7
Lauri Markkanen,PF,28,42,9.1,0.477,0.548,26.7
Jalen Brunson,PG,29,71,9.2,0.465,0.531,26
Kevin Durant,SF,37,74,9.1,0.518,0.585,25.8
Devin Booker,SG,29,61,8.5,0.456,0.507,25.7
Jamal Murray,PG,28,73,8.8,0.483,0.573,25.5
James Harden,PG,36,44,7.3,0.419,0.506,25.4
Victor Wembanyama,C,22,62,8.6,0.509,0.565,24.9
Cade Cunningham,PG,24,61,8.7,0.461,0.515,24.5
Michael Porter Jr.,SF,27,52,8.5,0.463,0.555,24.2
Pascal Siakam,PF,31,62,9,0.484,0.529,24
Deni Avdija,SF,25,62,7.3,0.458,0.517,23.9
James Harden,PG,36,67,7,0.436,0.532,23.6
Keyonte George,PG,22,54,7.4,0.456,0.532,23.6
Austin Reaves,SG,27,51,7.3,0.49,0.567,23.3
Jalen Johnson,SF,24,69,8.4,0.493,0.541,22.8
Jaren Jackson Jr.,C,26,3,8,0.49,0.541,22.3
Paolo Banchero,PF,23,67,7.4,0.457,0.494,22.2
Norman Powell,SG,32,55,7.4,0.473,0.56,22.1
Trey Murphy III,SF,25,66,7.5,0.47,0.572,21.5
Tyler Herro,SG,26,30,7.8,0.481,0.563,21.4
Brandon Ingram,SF,28,72,7.9,0.472,0.524,21.4
Shaedon Sharpe,SG,22,48,8,0.456,0.515,21.4
Jayson Tatum,PF,27,13,7.4,0.409,0.494,21.4
Julius Randle,PF,31,77,7.4,0.48,0.525,21.1
Zion Williamson,PF,25,61,7.9,0.602,0.602,21.1
Franz Wagner,SF,24,30,7.3,0.481,0.528,20.9
Cooper Flagg,SF,19,65,7.9,0.472,0.502,20.8
Nickeil Alexander-Walker,SG,27,75,6.9,0.454,0.557,20.6
LeBron James,SF,41,56,7.8,0.511,0.553,20.6
Alperen Şengün,C,23,68,8.1,0.522,0.54,20.6
Dillon Brooks,SF,30,52,7.5,0.438,0.505,20.5
Darius Garland,PG,26,15,7.5,0.487,0.609,20.5
Desmond Bane,SG,27,77,7.2,0.485,0.554,20.4
Anthony Davis,PF,32,20,8.5,0.506,0.521,20.4
Brandon Miller,SF,23,61,7,0.437,0.537,20.4
James Harden,PG,36,23,6.3,0.482,0.597,20.2
Bam Adebayo,C,28,69,6.9,0.439,0.494,20.2
Karl-Anthony Towns,C,30,72,6.9,0.496,0.551,20.1
Jimmy Butler,SF,36,38,6.3,0.519,0.554,20
Ty Jerome,SG,28,15,6.8,0.474,0.572,19.7
LaMelo Ball,PG,24,68,6.9,0.403,0.51,19.5
Jalen Duren,C,22,67,7.4,0.645,0.645,19.5
Ja Morant,PG,26,20,6.6,0.41,0.441,19.5
Jaren Jackson Jr.,C,26,48,7.1,0.476,0.534,19.4
Bennedict Mathurin,SF,23,21,5.9,0.439,0.464,19.4
Trae Young,PG,27,10,5.6,0.415,0.481,19.3
Jaren Jackson Jr.,C,26,45,7.1,0.475,0.534,19.2
RJ Barrett,SF,25,53,7,0.495,0.556,19.2
Zach LaVine,SG,30,39,6.7,0.479,0.569,19.2
Darius Garland,PG,26,41,6.9,0.465,0.559,18.9
Kon Knueppel,SF,20,77,6.5,0.483,0.612,18.8
CJ McCollum,SG,34,35,6.9,0.454,0.544,18.8
CJ McCollum,PG,34,73,6.9,0.454,0.537,18.7
CJ McCollum,PG,34,38,6.9,0.455,0.53,18.6
DeMar DeRozan,PF,36,76,6.5,0.495,0.518,18.6
Jerami Grant,PF,31,57,5.8,0.453,0.547,18.6
Coby White,SG,25,29,5.9,0.438,0.529,18.6
Bennedict Mathurin,SF,23,49,5.7,0.436,0.492,18.5
De'Aaron Fox,PG,28,68,7,0.488,0.549,18.5
Scottie Barnes,PF,24,75,7.1,0.504,0.534,18.2
Jalen Green,SG,23,29,6.9,0.421,0.494,18.2
Evan Mobley,PF,24,62,7.2,0.544,0.582,18.1
Darius Garland,PG,26,26,6.5,0.451,0.529,18
Trae Young,PG,27,15,5.4,0.458,0.534,17.9
Amen Thompson,PG,23,75,6.9,0.525,0.538,17.9
Bennedict Mathurin,SF,23,28,5.5,0.433,0.514,17.8
Paul George,PF,35,33,6.2,0.442,0.541,17.8
Coby White,SG,25,47,5.6,0.444,0.534,17.5
Saddiq Bey,SF,26,71,6,0.452,0.53,17.5
Kristaps Porziņģis,C,30,12,5.6,0.45,0.523,17.5
Kevin Porter Jr.,PG,25,38,6.3,0.465,0.51,17.4
Kristaps Porziņģis,C,30,29,5.6,0.454,0.528,17.3
Collin Sexton,SG,27,21,5.9,0.494,0.592,17.3
Miles Bridges,PF,27,73,6.3,0.455,0.526,17.2
Kristaps Porziņģis,C,30,17,5.6,0.457,0.531,17.1
Grayson Allen,SG,30,48,5.5,0.405,0.525,17.1
Ryan Rollins,PG,23,72,6.5,0.47,0.56,17.1
Jalen Williams,SG,24,31,6.6,0.48,0.506,17.1
Josh Giddey,PG,23,54,5.9,0.448,0.52,17
Payton Pritchard,PG,28,75,6.4,0.461,0.557,17
OG Anunoby,PF,28,64,5.9,0.486,0.582,16.9
Chet Holmgren,PF,23,66,6.2,0.55,0.604,16.9
Andrew Nembhard,PG,26,57,5.8,0.442,0.513,16.9
Immanuel Quickley,PG,26,67,5.9,0.445,0.543,16.9
Nikola Vučević,C,35,48,6.9,0.505,0.567,16.9
Derrick White,SG,31,73,5.8,0.394,0.487,16.8
Stephon Castle,PG,21,66,5.7,0.474,0.523,16.7
Dejounte Murray,PG,29,14,6.3,0.484,0.536,16.7
Matas Buzelis,PF,21,76,5.8,0.465,0.557,16.3
Aaron Gordon,PF,30,34,5.5,0.497,0.573,16.3
Jrue Holiday,PG,35,49,6.1,0.458,0.557,16.3
Alex Sarr,C,20,48,6.6,0.482,0.52,16.3
VJ Edgecombe,SG,20,71,6,0.439,0.512,16.1
Domantas Sabonis,C,29,19,6.3,0.543,0.554,15.8
Coby White,SG,25,18,5.1,0.455,0.542,15.6
Nikola Vučević,C,35,60,6.4,0.496,0.558,15.6
Jabari Smith Jr.,PF,22,73,5.6,0.448,0.538,15.6
Andrew Wiggins,SF,30,64,5.9,0.478,0.561,15.6
Cam Thomas,SG,24,24,5.1,0.399,0.461,15.6
Jarrett Allen,C,27,54,6.1,0.641,0.642,15.4
Naji Marshall,SF,28,72,5.7,0.512,0.551,15.4
Onyeka Okongwu,C,25,71,5.6,0.482,0.567,15.4
Anthony Black,PG,22,60,5.5,0.451,0.516,15.3
Trae Young,PG,27,5,5,0.595,0.702,15.2
Collin Sexton,SG,27,63,5.2,0.49,0.57,15.2
Jaime Jaquez Jr.,SF,24,71,6.1,0.501,0.53,15.2
Russell Westbrook,SF,37,64,5.6,0.427,0.503,15.2
Anfernee Simons,SG,26,6,5.8,0.438,0.538,15.2
Ayo Dosunmu,SG,26,45,5.6,0.514,0.604,15
Kyshawn George,SF,22,48,5.3,0.438,0.524,14.8
Jaden McDaniels,PF,25,71,5.6,0.518,0.584,14.8
Ayo Dosunmu,SG,26,66,5.5,0.515,0.6,14.7
Mikal Bridges,SF,29,78,5.8,0.487,0.568,14.7
Brice Sensabaugh,SF,22,72,5.2,0.46,0.553,14.6
Peyton Watson,SF,23,54,5.3,0.491,0.56,14.6
Walker Kessler,C,24,5,5.2,0.703,0.784,14.4
Ivica Zubac,C,28,43,6.1,0.613,0.613,14.4
Anfernee Simons,SG,26,55,5.2,0.44,0.552,14.3
Kelly Oubre Jr.,SF,30,46,5.1,0.465,0.548,14.3
Collin Sexton,SG,27,42,4.8,0.488,0.557,14.2
Anfernee Simons,SG,26,49,5.1,0.44,0.555,14.2
Ivica Zubac,C,28,48,6,0.598,0.598,14.1
P.J. Washington,PF,27,55,5.3,0.448,0.504,14.1
Ayo Dosunmu,SG,26,21,5.5,0.516,0.591,14
Santi Aldama,PF,25,43,5.3,0.479,0.553,14
Scoot Henderson,PG,21,26,4.7,0.417,0.498,14
Keegan Murray,PF,25,23,5.5,0.42,0.472,14
Devin Vassell,SG,25,63,5,0.438,0.549,14
De'Andre Hunter,SF,28,43,4.7,0.423,0.499,14
Ajay Mitchell,SG,23,54,5.1,0.489,0.542,13.9
Aaron Nesmith,SF,26,45,4.7,0.414,0.517,13.8
Max Strus,SF,29,8,4.8,0.535,0.739,13.8
Jalen Suggs,PG,24,52,5,0.44,0.527,13.8
De'Andre Hunter,SF,28,45,4.6,0.415,0.49,13.7
Bobby Portis,PF,30,67,5.5,0.488,0.578,13.7
Ace Bailey,SF,19,69,5.4,0.444,0.522,13.6
John Collins,PF,28,64,5.3,0.56,0.629,13.6
Zach Edey,C,23,11,5.6,0.633,0.638,13.6
Tim Hardaway Jr.,SG,33,77,4.4,0.451,0.595,13.6
Naz Reid,C,26,74,5.1,0.456,0.55,13.6
Reed Sheppard,SG,21,77,5,0.43,0.551,13.6
Cam Thomas,SG,24,42,4.5,0.41,0.466,13.5
Quentin Grimes,SG,25,71,4.5,0.452,0.537,13.5
Brandin Podziemski,SG,22,77,4.7,0.451,0.539,13.5
Cedric Coward,SG,22,60,4.8,0.464,0.534,13.4
Tre Jones,PG,26,60,5,0.552,0.586,13.4
Jeremiah Fears,PG,19,78,5,0.432,0.484,13.3
Toumani Camara,PF,25,78,4.7,0.439,0.56,13.2
Tobias Harris,PF,33,60,4.9,0.464,0.523,13.2
Kyle Kuzma,PF,30,67,5,0.49,0.55,13.2
Jaylon Tyson,SG,23,64,5,0.496,0.598,13.1
Jaden Hardy,SG,23,21,4.8,0.452,0.577,13.1
Collin Gillespie,PG,26,76,4.5,0.422,0.562,13
Keldon Johnson,SF,26,78,5,0.525,0.589,13
Brandon Williams,PG,26,65,4.4,0.47,0.5,13
Kennedy Chandler,PG,23,8,4.6,0.389,0.432,12.9
Jordan Poole,PG,26,37,4.1,0.365,0.471,12.9
Dennis Schröder,PG,32,40,4.3,0.408,0.475,12.8
Sam Merrill,SG,29,50,4.3,0.46,0.624,12.7
Malik Monk,SG,27,59,4.5,0.434,0.531,12.7
GG Jackson II,PF,21,54,4.7,0.499,0.561,12.5
De'Anthony Melton,PG,27,44,4.5,0.404,0.468,12.5
Jaylen Wells,SG,22,69,4.4,0.431,0.524,12.5
Deandre Ayton,C,27,67,5.6,0.674,0.674,12.4
Noah Clowney,PF,21,66,3.8,0.396,0.498,12.3
Donte DiVincenzo,SG,29,77,4.2,0.408,0.554,12.3
Max Christie,SG,22,72,4.2,0.443,0.567,12.2
Tre Johnson,SG,19,60,4.5,0.419,0.508,12.2
Josh Hart,SF,30,63,4.6,0.507,0.59,12.1
Miles McBride,SG,25,38,4.2,0.423,0.562,12.1
Moses Moody,SG,23,60,4.1,0.44,0.575,12.1
Maxime Raynaud,C,22,70,5.1,0.57,0.585,12.1
Jonathan Kuminga,PF,23,20,4.4,0.454,0.497,12.1
Christian Braun,SG,24,42,4.5,0.513,0.571,12
Wendell Carter Jr.,C,26,73,4.3,0.512,0.571,12
Donovan Clingan,C,21,73,4.6,0.52,0.578,12
Cameron Johnson,SF,29,52,4.1,0.471,0.589,12
Duncan Robinson,SF,31,74,4.1,0.448,0.607,12
Jonathan Kuminga,PF,23,33,4.2,0.465,0.52,11.9
Dyson Daniels,SG,22,73,5.3,0.519,0.533,11.8
Klay Thompson,SF,35,66,4.2,0.395,0.535,11.8
Myles Turner,C,29,69,3.9,0.437,0.554,11.8
Jonathan Kuminga,PF,23,13,4,0.486,0.561,11.7
Nic Claxton,C,26,69,4.8,0.571,0.574,11.7
Isaiah Collier,PG,21,59,4.3,0.495,0.521,11.7
Dylan Harper,SG,19,65,4.8,0.506,0.552,11.7
Ivica Zubac,C,28,5,5,0.472,0.472,11.6
Mark Williams,C,24,57,4.7,0.637,0.638,11.6
Jarace Walker,PF,22,73,4,0.421,0.513,11.5
Jaden Ivey,SG,23,4,3.8,0.417,0.528,11.5
Bilal Coulibaly,SG,21,54,4,0.416,0.475,11.4
Scotty Pippen Jr.,PG,25,10,4.3,0.448,0.5,11.4
Derik Queen,C,21,77,4.2,0.472,0.488,11.4
Julian Champagnie,SF,24,78,3.7,0.437,0.582,11.3
Kyle Filipowski,C,22,75,4.1,0.498,0.556,11.3
Pelle Larsson,SG,24,67,3.9,0.5,0.555,11.3
Jock Landale,C,30,45,4.4,0.514,0.577,11.3
Sandro Mamukelashvili,C,26,75,4.2,0.523,0.612,11.2
Rui Hachimura,PF,27,63,4.3,0.506,0.602,11.1
Cam Spencer,SG,25,71,3.7,0.472,0.603,11.1
Kel'el Ware,C,21,73,4.5,0.529,0.597,11.1
Rudy Gobert,C,33,74,4.4,0.686,0.686,11
Alondes Williams,SG,26,4,4,0.615,0.712,11
Jusuf Nurkić,C,31,41,4.4,0.503,0.538,10.9
Kevin Huerter,SF,27,44,4.2,0.455,0.542,10.9
Dennis Schröder,PG,32,66,3.7,0.402,0.463,10.8
Tyler Burton,SF,25,12,3.5,0.375,0.473,10.8
Isaiah Joe,SG,26,68,3.4,0.446,0.609,10.8
Caleb Love,SG,24,47,4,0.389,0.484,10.8
Jakob Poeltl,C,30,41,4.7,0.696,0.696,10.8
Cam Thomas,SG,24,18,3.7,0.431,0.477,10.7
Jared McCain,SG,21,25,3.9,0.462,0.574,10.7
Jock Landale,C,30,68,4.1,0.515,0.582,10.6
Blake Hinson,SF,26,11,3.6,0.519,0.708,10.6
Marvin Bagley III,PF,26,18,4.4,0.598,0.64,10.6
Ousmane Dieng,C,22,25,4.2,0.428,0.51,10.6
Tari Eason,PF,24,55,4,0.416,0.499,10.5
Khris Middleton,SF,34,24,3.6,0.402,0.467,10.5
Josh Minott,SF,23,15,3.4,0.486,0.624,10.5
Nikola Vučević,C,35,12,4.1,0.445,0.505,10.4
Khris Middleton,SF,34,58,3.7,0.42,0.48,10.4
Derrick Jones Jr.,SF,28,45,3.9,0.504,0.576,10.4
Daeqwon Plowden,SG,27,28,3.6,0.429,0.538,10.4
Leonard Miller,SF,22,22,4.1,0.542,0.61,10.4
Guerschon Yabusele,C,30,23,3.3,0.41,0.533,10.4
Khris Middleton,SF,34,34,3.8,0.433,0.488,10.3
Marvin Bagley III,PF,26,56,4.2,0.616,0.642,10.3
Egor Dёmin,PG,19,52,3.4,0.399,0.537,10.3
DaQuan Jeffries,SG,28,3,3.7,0.579,0.684,10.3
Taylor Hendricks,PF,22,24,4,0.447,0.526,10.3
Bub Carrington,PG,20,77,3.6,0.414,0.527,10.2
D'Angelo Russell,PG,29,26,3.6,0.405,0.476,10.2
Jalen Smith,C,25,53,3.7,0.483,0.584,10.2
Ziaire Williams,SF,24,56,3.3,0.425,0.524,10.2
Marvin Bagley III,PF,26,38,4.1,0.626,0.642,10.1
Tristan Da Silva,SF,24,72,3.7,0.45,0.549,10.1
Neemias Queta,C,26,72,4.2,0.643,0.643,10.1
Harrison Barnes,PF,33,73,3.4,0.453,0.576,10
Julian Reese,PF,22,8,4,0.561,0.561,10
Will Riley,SF,19,69,3.5,0.453,0.519,10
Isaiah Stewart,C,24,55,3.8,0.541,0.592,10
Obi Toppin,PF,27,19,3.7,0.5,0.588,10
Kevin Huerter,SF,27,66,3.9,0.45,0.532,9.9
Precious Achiuwa,C,26,69,4.3,0.538,0.563,9.9
Royce O'Neale,SF,32,74,3.4,0.419,0.588,9.9
Ausar Thompson,SF,23,69,4.2,0.518,0.523,9.9
A.J. Green,SG,26,73,3.2,0.418,0.602,9.8
Zach Collins,C,28,10,3.7,0.578,0.648,9.7
Jordan Miller,SF,26,55,3.5,0.522,0.564,9.7
Olivier-Maxence Prosper,PF,23,51,3.5,0.54,0.623,9.7
Zaccharie Risacher,SF,20,64,3.7,0.458,0.549,9.7
Aaron Wiggins,SG,27,60,3.7,0.434,0.524,9.7
Daniel Gafford,C,27,54,3.8,0.657,0.657,9.6
Landry Shamet,SG,28,48,3.2,0.442,0.584,9.6
Rayan Rupert,SG,21,13,3.5,0.43,0.509,9.6
Jay Huff,C,27,77,3.5,0.471,0.57,9.5
Javon Small,PG,23,40,3.2,0.472,0.58,9.5
Marcus Smart,SG,31,60,3.1,0.399,0.502,9.5
Isaiah Hartenstein,C,27,44,4,0.618,0.618,9.4
Daniss Jenkins,PG,24,68,3.3,0.415,0.481,9.4
T.J. McConnell,PG,33,56,4.3,0.538,0.556,9.4
Nick Richards,C,28,20,3.4,0.523,0.542,9.4
Jaden Hardy,SG,23,55,3.2,0.429,0.551,9.3
Cormac Ryan,SG,27,6,2.8,0.472,0.611,9.3
Kyle Anderson,SF,32,4,3.8,0.789,0.816,9.3
Kobe Brown,PF,26,23,3.5,0.516,0.616,9.3
Davion Mitchell,PG,27,67,3.7,0.483,0.569,9.2
Svi Mykhailiuk,SF,28,49,3.4,0.483,0.617,9.2
Isaac Okoro,SG,25,61,3.3,0.457,0.538,9.2
Gui Santos,PF,23,65,3.4,0.51,0.598,9.2
Cam Whitmore,SF,21,21,3.7,0.456,0.503,9.2
Corey Kispert,SF,26,19,3.1,0.496,0.622,9.2
Jock Landale,C,30,23,3.6,0.516,0.594,9.1
Corey Kispert,SF,26,55,3.2,0.464,0.57,9.1
Corey Kispert,SF,26,36,3.2,0.45,0.547,9.1
Sam Hauser,PF,28,74,3.2,0.418,0.582,9.1
Micah Potter,C,27,42,2.9,0.513,0.638,9
Tristan Vukcevic,C,22,49,3.1,0.479,0.558,9
Vít Krejčí,PG,25,46,3.1,0.464,0.628,9
Herbert Jones,SF,27,55,3.3,0.382,0.465,8.9
Danny Wolf,PF,21,57,3.1,0.405,0.482,8.9
Walter Clayton,PG,22,21,2.9,0.345,0.411,8.9
Jordan Clarkson,SG,33,68,3.3,0.45,0.52,8.8
Day'Ron Sharpe,C,24,62,3.5,0.601,0.614,8.7
Vít Krejčí,PG,25,64,3,0.448,0.599,8.6
Justin Champagnie,SF,24,66,3.3,0.514,0.57,8.6
Jordan Goodwin,PG,27,67,3.2,0.405,0.502,8.6
Draymond Green,PF,35,64,3.1,0.417,0.52,8.6
Nolan Traoré,PG,19,53,3.2,0.378,0.438,8.6
Cason Wallace,SG,22,74,3.3,0.433,0.517,8.6
Jaden Ivey,SG,23,37,3.1,0.445,0.543,8.5
Quenton Jackson,PG,27,44,2.9,0.485,0.556,8.5
Cody Williams,SG,21,63,3.4,0.48,0.509,8.5
Kentavious Caldwell-Pope,SG,32,51,2.9,0.41,0.485,8.4
Luguentz Dort,SF,26,64,2.9,0.381,0.5,8.4
Collin Murray-Boyles,PF,20,53,3.5,0.572,0.598,8.4
Luke Kennard,SG,29,27,3.1,0.548,0.674,8.4
Rob Dillingham,PG,21,25,3.4,0.411,0.462,8.4
Jared McCain,SG,21,62,3,0.422,0.526,8.3
Simone Fontecchio,SF,30,69,2.7,0.403,0.53,8.3
Al Horford,C,39,43,3.1,0.424,0.539,8.3
Jake LaRavia,PF,24,77,3,0.462,0.535,8.3
Kadary Richmond,SG,24,3,3.3,0.625,0.688,8.3
Jaden Ivey,SG,23,33,3,0.45,0.545,8.2
Bradley Beal,SG,32,6,3,0.375,0.448,8.2
LJ Cryer,PG,24,17,2.6,0.396,0.554,8.2
Bones Hyland,PG,25,68,2.9,0.452,0.57,8.2
Brook Lopez,C,37,70,3,0.423,0.527,8.2
Gary Trent Jr.,SG,27,64,2.8,0.39,0.524,8.2
Jonas Valančiūnas,C,33,61,3.2,0.571,0.579,8.2
Luke Kennard,SG,29,73,2.9,0.542,0.685,8.1
Devin Carter,PG,23,34,2.8,0.398,0.448,8.1
Ron Holland,SF,20,74,3,0.431,0.472,8.1
Bryce McGowens,SG,23,42,2.7,0.481,0.561,8.1
Keon Ellis,SG,26,25,2.9,0.49,0.595,8.1
Kevin Huerter,SG,27,22,3.2,0.436,0.506,8
Nique Clifford,SG,23,71,3.1,0.412,0.479,8
Moussa Diabaté,C,24,69,3.2,0.63,0.632,8
DeJon Jarreau,SG,28,11,3,0.398,0.422,8
Dariq Whitehead,SF,21,1,3,0.3,0.35,8
Vince Williams Jr.,PG,25,34,2.7,0.352,0.445,8
Buddy Hield,SG,33,44,3,0.433,0.545,8
Dennis Schröder,PG,32,26,2.7,0.39,0.435,7.9
Luke Kennard,SG,29,46,2.8,0.538,0.692,7.9
Dominick Barlow,PF,22,67,3.1,0.544,0.572,7.9
Jose Alvarado,PG,27,41,2.9,0.418,0.543,7.9
Bruce Brown,SG,29,78,3,0.47,0.525,7.8
Chaney Johnson,SF,23,14,2.9,0.556,0.604,7.8
Luka Garza,C,27,67,2.8,0.583,0.663,7.7
Ryan Kalkbrenner,C,24,65,3.2,0.746,0.746,7.7
Quinten Post,PF,25,67,2.9,0.44,0.546,7.7
Sharife Cooper,PG,24,36,2.9,0.486,0.54,7.6
De'Andre Hunter,SF,28,2,2,0.211,0.263,7.5
Walter Clayton,PG,22,66,2.5,0.377,0.455,7.5
Vince Williams Jr.,SG,25,40,2.6,0.353,0.447,7.5
Taurean Prince,SF,31,21,2.7,0.435,0.58,7.5
Paul Reed,C,26,61,3.1,0.601,0.62,7.5
Isaiah Jackson,C,24,17,3.2,0.764,0.764,7.5
Vít Krejčí,PG,25,18,2.7,0.407,0.521,7.4
Kris Dunn,PG,31,77,2.8,0.478,0.561,7.4
Caris LeVert,SG,31,57,2.8,0.419,0.496,7.4
Cameron Payne,PG,31,22,2.5,0.376,0.483,7.4
Jaylin Williams,PF,23,62,2.3,0.423,0.561,7.4
Josh Minott,PF,23,48,2.5,0.498,0.629,7.3
Leaky Black,SF,26,10,2.7,0.435,0.532,7.3
Bogdan Bogdanović,SG,33,21,2.5,0.376,0.475,7.3
Jaxson Hayes,C,25,65,2.9,0.754,0.76,7.3
Nikola Jović,PF,22,47,2.4,0.366,0.438,7.3
Gary Payton II,SG,33,68,3.3,0.574,0.622,7.3
Malachi Smith,SG,26,10,2.9,0.527,0.636,7.3
Jevon Carter,PG,30,25,2.8,0.383,0.494,7.3
Tyrese Martin,SG,26,37,2.7,0.392,0.492,7.3
Taylor Hendricks,PF,22,57,2.7,0.449,0.534,7.2
Buddy Hield,SG,33,50,2.6,0.424,0.532,7.2
Jose Alvarado,PG,27,67,2.6,0.415,0.527,7.2
Terance Mann,SG,29,63,2.7,0.457,0.533,7.2
Ja'Kobe Walter,SG,21,67,2.4,0.438,0.565,7.2
Nate Williams,SG,26,12,2.8,0.485,0.551,7.2
MarJon Beauchamp,SF,25,13,2.5,0.432,0.541,7.1
Ben Sheppard,SG,24,65,2.6,0.434,0.543,7.1
Pat Spencer,PG,29,61,2.8,0.433,0.5,7.1
Moritz Wagner,C,28,34,2.4,0.426,0.484,7.1
Kyle Anderson,SF,32,20,2.9,0.523,0.537,7.1
Ousmane Dieng,C,22,52,2.7,0.425,0.512,7
Lawson Lovering,C,22,2,3,0.6,0.6,7
Grant Williams,PF,27,32,2.2,0.423,0.561,7
Jaden Hardy,SG,23,34,2.3,0.402,0.521,6.9
Kobe Sanders,SG,23,63,2.5,0.46,0.56,6.9
Walter Clayton,PG,22,45,2.3,0.398,0.484,6.8
Javonte Green,SG,32,78,2.2,0.443,0.553,6.8
Elijah Harkless,SG,25,26,2.1,0.335,0.401,6.8
Leonard Miller,SF,22,41,2.7,0.542,0.602,6.7
Isaiah Jackson,C,24,55,2.7,0.637,0.637,6.7
Cole Anthony,PG,25,35,2.8,0.424,0.472,6.7
Kevin Love,PF,37,37,2.1,0.397,0.53,6.7
Will Richard,SG,23,66,2.5,0.474,0.577,6.7
Jamal Shead,PG,23,77,2.3,0.368,0.451,6.7
Robert Williams,C,28,55,3,0.716,0.731,6.7
Jared McCain,SG,21,37,2.4,0.385,0.483,6.6
Ben Saraf,SG,19,40,2.4,0.382,0.414,6.6
Trendon Watford,PF,25,52,2.6,0.513,0.532,6.6
Jamir Watkins,SG,24,45,2.4,0.452,0.529,6.6
Patrick Williams,PF,24,67,2.4,0.371,0.469,6.6
Keon Ellis,SG,26,68,2.3,0.435,0.553,6.5
Seth Curry,SG,35,6,2.5,0.577,0.692,6.5
Oso Ighodaro,PF,23,77,2.9,0.651,0.651,6.5
Luke Kornet,C,30,65,2.5,0.64,0.64,6.5
Julian Strawther,SG,23,53,2.3,0.456,0.542,6.5
Oscar Tshiebwe,C,26,23,2.8,0.631,0.631,6.5
Isaiah Jackson,C,24,38,2.5,0.582,0.582,6.4
Jevon Carter,PG,30,48,2.3,0.389,0.516,6.4
Tyrese Martin,SG,26,45,2.4,0.394,0.489,6.4
Kenrich Williams,PF,31,51,2.4,0.492,0.581,6.4
Ochai Agbaji,SG,25,19,2.4,0.455,0.556,6.4
Adama-Alpha Bal,,22,4,2.3,0.36,0.46,6.3
Alex Caruso,SG,31,53,2.3,0.421,0.507,6.3
Andre Drummond,C,32,59,2.5,0.469,0.518,6.3
Drake Powell,SG,20,59,2.2,0.416,0.494,6.3
Mac McClung,SG,27,3,2.3,0.389,0.444,6.3
Gradey Dick,SG,22,71,2.2,0.417,0.491,6.2
Kasparas Jakučionis,PG,19,49,1.9,0.424,0.56,6.2
Ryan Nembhard,PG,22,56,2.5,0.409,0.475,6.2
Tidjane Salaün,PF,20,36,2.2,0.506,0.62,6.2
Jose Alvarado,PG,27,26,2.3,0.408,0.497,6.1
PJ Hall,C,23,12,2.1,0.5,0.52,6.1
Kyle Anderson,SF,32,39,2.4,0.525,0.537,6
Thomas Bryant,C,28,59,2.2,0.5,0.587,6
Justin Edwards,SF,22,60,2.2,0.449,0.554,6
Tyson Etienne,PG,26,19,1.8,0.42,0.605,6
Tre Scott,PF,29,1,2,0.667,0.833,6
KJ Simpson,PG,23,14,2.2,0.348,0.416,6
Chris Youngblood,SG,23,1,2,0.667,1,6
Josh Minott,PF,23,33,2.1,0.507,0.632,5.8
Nick Richards,C,28,48,2.1,0.512,0.525,5.8
Steven Adams,C,32,32,2.2,0.504,0.504,5.8
Ryan Dunn,SF,23,66,2.4,0.452,0.53,5.8
Kris Murray,SF,25,53,2.3,0.457,0.515,5.8
Jalen Slawson,SF,26,8,1.9,0.349,0.442,5.8
Nick Smith Jr.,SG,21,25,2.2,0.421,0.523,5.8
Dean Wade,PF,29,57,2.1,0.432,0.557,5.8
Jalen Wilson,PF,25,49,1.8,0.386,0.491,5.8
Tre Mann,PG,24,51,2.1,0.362,0.446,5.7
Jahmai Mashack,SG,23,28,2.3,0.399,0.449,5.7
Karlo Matković,PF,24,62,2.3,0.604,0.685,5.7
Ethan Thompson,SG,26,27,2,0.386,0.493,5.7
Matisse Thybulle,SG,28,26,1.9,0.434,0.571,5.7
Keon Ellis,SG,26,43,1.9,0.397,0.524,5.6
Mitchell Robinson,C,27,58,2.4,0.724,0.724,5.6
Marcus Sasser,PG,25,34,1.9,0.407,0.537,5.6
Dru Smith,SG,28,70,1.9,0.415,0.474,5.6
Guerschon Yabusele,C,30,64,1.8,0.403,0.516,5.5
Kobe Brown,PF,26,57,2,0.473,0.565,5.5
Rob Dillingham,PG,21,60,2.2,0.38,0.427,5.5
Goga Bitadze,C,26,59,2.2,0.672,0.677,5.5
Jamaree Bouyea,PG,26,42,2.3,0.466,0.515,5.5
Eric Gordon,SG,37,6,2,0.571,0.762,5.5
Haywood Highsmith,SF,29,6,1.7,0.5,0.7,5.5
Jett Howard,SF,22,55,1.9,0.418,0.526,5.5
Spencer Jones,SF,24,64,2.1,0.504,0.613,5.5
Yves Missi,C,21,65,2.3,0.533,0.533,5.5
Pete Nance,PF,25,44,2.2,0.534,0.671,5.5
John Poulakidas,SG,22,8,1.9,0.375,0.525,5.5
Nae'Qwan Tomlin,PF,25,60,2.2,0.47,0.507,5.5
Jevon Carter,PG,30,23,1.8,0.398,0.553,5.4
Aaron Holiday,PG,29,52,1.8,0.402,0.53,5.4
Sion James,SG,23,78,1.7,0.379,0.494,5.4
Doug McDermott,SF,34,25,1.8,0.407,0.588,5.4
Sidy Cissoko,SF,21,71,1.9,0.399,0.488,5.3
Jordan Walsh,PF,21,63,2,0.512,0.601,5.3
John Konchar,SG,29,22,2,0.436,0.495,5.3
Mac McClung,SG,27,6,2,0.375,0.406,5.2
Drew Eubanks,C,28,42,2.2,0.596,0.599,5.2
Andersson Garcia,SF,25,5,1.8,0.31,0.328,5.2
Anthony Gill,PF,33,50,2.2,0.613,0.649,5.2
Garrison Mathews,SG,29,15,1.4,0.404,0.567,5.2
Blake Wesley,SG,22,28,2,0.458,0.5,5.2
Dylan Cardwell,C,24,40,2.2,0.571,0.571,5.1
Johnny Furphy,SG,21,35,2,0.47,0.547,5.1
Ochai Agbaji,SG,25,61,1.9,0.435,0.494,5
Jamal Cain,SF,26,35,1.7,0.468,0.565,5
Asa Newell,PF,20,42,2,0.539,0.63,5
Baylor Scheierman,SG,25,72,1.8,0.45,0.59,5
Patrick Baldwin Jr.,SF,23,2,1.5,0.75,1,5
Mo Bamba,C,27,2,2.5,0.556,0.556,5
Taylor Hendricks,PF,22,33,1.8,0.453,0.547,4.9
KJ Simpson,PG,23,18,1.8,0.34,0.402,4.9
Adem Bona,C,22,68,1.9,0.601,0.606,4.9
Jalen Pickett,SG,26,47,1.9,0.424,0.532,4.9
Tyrese Proctor,PG,21,46,1.7,0.403,0.505,4.9
RayJ Dennis,PG,24,13,1.7,0.306,0.389,4.9
Killian Hayes,PG,24,19,1.7,0.288,0.347,4.8
Gabe Vincent,PG,29,29,1.6,0.346,0.492,4.8
Vince Williams Jr.,SG,25,6,1.7,0.357,0.464,4.7
Lonzo Ball,PG,28,35,1.5,0.301,0.415,4.6
Malaki Branham,SG,22,28,1.5,0.473,0.549,4.6
Branden Carlson,C,26,38,1.9,0.522,0.598,4.6
Bez Mbeng,SG,22,12,1.8,0.396,0.425,4.6
Josh Okogie,SG,27,73,1.6,0.438,0.547,4.6
Jeremiah Robinson-Earl,PF,25,22,1.7,0.37,0.42,4.6
Jeremiah Robinson-Earl,PF,25,17,1.7,0.349,0.398,4.6
PJ Hall,C,23,19,1.6,0.508,0.534,4.5
Josh Green,SG,25,54,1.5,0.46,0.619,4.5
Mouhamed Gueye,PF,23,74,1.7,0.454,0.521,4.5
A.J. Lawson,SG,25,19,1.5,0.468,0.597,4.5
Jase Richardson,SG,20,51,1.6,0.464,0.541,4.5
Jarred Vanderbilt,PF,26,60,1.7,0.466,0.527,4.5
Jeremiah Robinson-Earl,PF,25,5,1.6,0.471,0.529,4.4
Gabe Vincent,PG,29,50,1.4,0.344,0.476,4.4
DeAndre Jordan,C,37,12,1.8,0.656,0.656,4.4
Tyler Kolek,PG,24,62,1.7,0.435,0.524,4.4
Liam McNeeley,SF,20,30,1.3,0.404,0.532,4.4
Jericho Sims,C,27,62,1.9,0.793,0.793,4.4
Ochai Agbaji,SG,25,42,1.7,0.424,0.459,4.3
Rayan Rupert,SG,21,61,1.6,0.39,0.467,4.3
Mike Conley,PG,38,51,1.2,0.315,0.435,4.3
Kam Jones,SG,23,32,1.8,0.426,0.496,4.3
Yanic Konan Niederhäuser,C,22,41,1.6,0.64,0.645,4.3
Skal Labissière,PF,29,3,2,0.6,0.65,4.3
Dereck Lively II,C,21,7,1.6,0.611,0.611,4.3
Grant Nelson,PF,23,4,1.3,0.556,0.556,4.3
Craig Porter Jr.,PG,25,60,1.8,0.439,0.502,4.3
Jabari Walker,PF,23,62,1.5,0.448,0.521,4.3
Dalen Terry,SG,23,13,1.7,0.423,0.471,4.3
Rasheer Fleming,PF,21,51,1.5,0.407,0.51,4.2
Taelon Peter,SG,23,33,1.5,0.375,0.512,4.2
Trayce Jackson-Davis,C,25,36,1.7,0.588,0.593,4.2
John Konchar,SG,29,52,1.6,0.471,0.544,4.1
Jordan Hawkins,SG,23,47,1.5,0.343,0.44,4.1
Noah Penda,SF,21,56,1.5,0.412,0.487,4.1
Terrence Shannon Jr.,SG,25,38,1.3,0.411,0.496,4.1
Jeremy Sochan,PF,22,28,1.7,0.475,0.52,4.1
Amir Coffey,SG,28,13,1.5,0.5,0.579,4.1
Mac McClung,SG,27,3,1.7,0.357,0.357,4
RayJ Dennis,PG,24,16,1.4,0.301,0.384,4
Nicolas Batum,PF,37,71,1.3,0.398,0.589,4
Tony Bradley,C,28,38,1.6,0.557,0.561,4
Brandon Clarke,PF,29,2,1.5,0.333,0.333,4
Taj Gibson,C,40,7,1.4,0.556,0.639,4
DaRon Holmes,PF,23,22,1.4,0.517,0.681,4
Dalton Knecht,SF,24,50,1.6,0.446,0.534,4
Moussa Cisse,C,23,35,1.5,0.589,0.589,3.9
Myron Gardner,SF,24,41,1.4,0.479,0.588,3.9
Hugo González,SF,19,72,1.6,0.473,0.556,3.9
Caleb Martin,SF,30,58,1.5,0.45,0.503,3.9
Tyus Jones,PG,29,8,1.6,0.382,0.441,3.9
Gabe Vincent,PG,29,21,1.3,0.342,0.449,3.8
Jaylen Clark,SG,24,63,1.4,0.432,0.497,3.8
Micah Peavy,SG,24,57,1.6,0.376,0.424,3.8
Omer Yurtseven,C,27,9,1.2,0.423,0.423,3.8
Patrick Baldwin Jr.,SF,23,6,1.3,0.348,0.435,3.8
Ousmane Dieng,C,22,27,1.4,0.418,0.516,3.7
Patrick Baldwin Jr.,SF,23,9,1.2,0.407,0.519,3.7
Dalen Terry,SG,23,47,1.4,0.435,0.513,3.7
Carter Bryant,PF,20,67,1.4,0.386,0.475,3.7
Zeke Nnaji,PF,25,49,1.3,0.471,0.518,3.7
Kyle Anderson,SF,32,15,1.4,0.429,0.429,3.6
Clint Capela,C,31,70,1.5,0.512,0.512,3.6
Mohamed Diawara,SF,20,67,1.3,0.436,0.554,3.6
Keshad Johnson,SF,24,28,1.3,0.439,0.512,3.6
Tolu Smith,PF,25,12,1.2,0.5,0.5,3.6
Rob Dillingham,PG,21,35,1.3,0.333,0.376,3.5
Dalen Terry,SG,23,34,1.3,0.441,0.534,3.5
Trayce Jackson-Davis,C,25,50,1.4,0.57,0.574,3.5
Jeremy Sochan,PF,22,42,1.4,0.5,0.538,3.5
Keaton Wallace,PG,26,51,1.3,0.42,0.538,3.5
Lucas Williamson,,27,2,1,0.333,0.417,3.5
Charles Bassey,C,25,2,1.5,0.375,0.375,3.5
Ron Harper Jr.,SF,25,26,1.3,0.398,0.53,3.4
Jayson Kent,SF,23,3,1.3,0.667,0.75,3.3
Larry Nance Jr.,PF,33,31,1.3,0.382,0.475,3.3
Dwight Powell,C,34,58,1,0.667,0.672,3.3
Isaiah Stevens,PG,25,3,1,0.429,0.429,3.3
James Wiseman,C,24,4,1.5,0.6,0.6,3.3
Riley Minix,SF,25,3,1.3,0.667,0.833,3.3
Nick Richards,C,28,28,1.3,0.493,0.493,3.2
John Konchar,SG,29,30,1.2,0.521,0.613,3.2
Riley Minix,SF,25,6,1.3,0.667,0.792,3.2
Jamison Battle,SF,24,56,1.2,0.504,0.631,3.2
Dorian Finney-Smith,PF,32,36,1.1,0.331,0.435,3.2
Kelly Olynyk,C,34,42,1.1,0.49,0.552,3.2
Miles Kelly,PG,23,14,1.1,0.364,0.477,3.1
Mark Sears,PG,23,7,0.9,0.462,0.615,3.1
Drew Timme,PF,25,23,1.3,0.588,0.667,3.1
Christian Koloko,C,25,13,1.2,0.471,0.485,3.1
Riley Minix,SF,25,3,1.3,0.667,0.75,3
Cam Christie,SG,20,51,1,0.386,0.432,3
Chris Livingston,SF,22,3,1.3,0.571,0.571,3
Emanuel Miller,PF,25,5,1.2,0.462,0.538,3
Monte Morris,PG,30,6,1.2,0.35,0.4,3
Nikola Topić,PG,20,6,1.3,0.444,0.5,3
Tyus Jones,PG,29,48,1.1,0.342,0.437,3
Dalano Banton,PG,26,2,1.5,0.75,0.75,3
Kobe Brown,PF,26,34,1,0.393,0.47,2.9
Rayan Rupert,SG,21,48,1.1,0.361,0.435,2.9
Amir Coffey,SG,28,43,1,0.484,0.554,2.9
Charles Bassey,C,25,8,1.3,0.625,0.625,2.9
Joan Beringer,PF,19,35,1.3,0.652,0.652,2.9
David Jones García,SF,24,11,1.2,0.52,0.58,2.9
Chris Paul,PG,40,16,1.1,0.321,0.411,2.9
Duop Reath,C,29,32,1,0.446,0.601,2.9
Charles Bassey,C,25,5,1.2,0.857,0.857,2.8
Tyus Jones,PG,29,65,1.1,0.346,0.434,2.8
Trey Alexander,SG,22,5,1.2,0.667,0.778,2.8
Pat Connaughton,SG,33,39,1,0.458,0.584,2.8
AJ Johnson,SG,21,44,1,0.324,0.363,2.8
AJ Johnson,SG,21,25,1.1,0.325,0.367,2.8
Yuki Kawamura,PG,24,13,0.7,0.321,0.429,2.8
Julian Phillips,SF,22,35,1.1,0.42,0.511,2.8
Guerschon Yabusele,C,30,41,1,0.393,0.486,2.7
AJ Johnson,SG,21,19,1,0.322,0.356,2.7
Christian Koloko,C,25,26,1.2,0.435,0.442,2.7
Kobe Bufkin,SG,22,13,0.9,0.293,0.329,2.7
Kevon Looney,C,29,19,1.2,0.426,0.435,2.7
Khaman Maluach,C,19,42,1,0.537,0.555,2.7
Norchad Omier,PF,24,3,1.3,0.8,0.8,2.7
Antonio Reeves,SG,25,10,1,0.5,0.675,2.7
Jae'Sean Tate,SF,30,42,1.1,0.5,0.547,2.7
Christian Koloko,C,25,11,1.3,0.4,0.4,2.6
Julian Phillips,SF,22,44,1,0.424,0.51,2.6
Gary Harris,SG,31,46,0.9,0.453,0.595,2.6
Jonathan Isaac,PF,28,52,0.9,0.422,0.454,2.6
Malevy Leons,SF,26,21,1,0.423,0.452,2.6
E.J. Liddell,PF,25,21,1,0.386,0.447,2.6
Sean Pedulla,PG,23,5,1,0.385,0.5,2.6
Tyler Smith,PF,21,8,1,0.32,0.38,2.6
Tyrese Martin,SG,26,8,1.1,0.409,0.455,2.5
Mo Bamba,C,27,4,1.3,0.455,0.455,2.5
Amir Coffey,SG,28,30,0.9,0.473,0.536,2.4
Koby Brea,SG,23,9,0.8,0.412,0.588,2.4
Bronny James,SG,21,37,0.9,0.391,0.477,2.4
Chaz Lanier,SG,24,30,0.8,0.321,0.436,2.4
Alijah Martin,SG,24,20,0.8,0.341,0.386,2.4
Lindy Waters III,SG,28,39,0.8,0.372,0.523,2.4
Leonard Miller,SF,22,19,0.9,0.545,0.561,2.3
Jeremy Sochan,PF,22,14,0.9,0.619,0.619,2.3
Chris Boucher,PF,33,9,0.9,0.32,0.36,2.3
Yang Hansen,C,20,41,0.8,0.31,0.335,2.3
Caleb Houstan,SF,23,18,0.8,0.538,0.75,2.3
Luke Travers,SG,24,12,0.8,0.25,0.264,2.3
Chris Youngblood,SG,23,33,0.7,0.349,0.492,2.2
JD Davison,PG,23,27,0.8,0.4,0.473,2.2
Tristan Enaruna,SF,24,6,1,0.375,0.406,2.2
Andre Jackson Jr.,SG,24,44,0.8,0.333,0.407,2.2
Hunter Tyson,PF,25,21,0.7,0.269,0.337,2.2
Xavier Tillman Sr.,C,27,14,1,0.452,0.5,2.2
Jeff Green,PF,39,29,0.8,0.383,0.483,2.1
Maxi Kleber,PF,34,38,0.8,0.46,0.508,2.1
Charles Bassey,C,25,1,1,1,1,2
Chris Youngblood,SG,23,32,0.6,0.333,0.467,2
Dalano Banton,PG,26,5,0.8,0.444,0.444,2
Colin Castleton,C,25,1,1,0.333,0.333,2
Hunter Dickinson,C,25,1,1,0.5,0.5,2
Trentyn Flowers,SF,20,2,1,0.667,0.667,2
Keshon Gilbert,PG,22,3,0.3,0.25,0.25,2
Colby Jones,SG,23,1,1,0.333,0.333,2
Johnny Juzang,SG,24,21,0.8,0.421,0.5,2
Jordan McLaughlin,PG,29,41,0.8,0.413,0.52,2
Wendell Moore Jr.,SG,24,5,0.8,0.571,0.571,2
Alex Morales,PG,28,1,1,0.5,0.5,2
Lachlan Olbrich,C,22,32,0.8,0.5,0.52,2
Zyon Pullin,SG,24,2,0.5,1,1,2
Payton Sandfort,SF,23,2,0.5,0.2,0.3,2
PJ Hall,C,23,7,0.7,0.556,0.611,1.9
Trayce Jackson-Davis,C,25,14,0.6,0.474,0.474,1.9
Julian Phillips,SF,22,9,0.6,0.455,0.5,1.9
Ariel Hukporti,C,23,52,0.7,0.544,0.551,1.9
Mason Plumlee,C,35,14,0.6,0.75,0.75,1.9
Harrison Ingram,SF,23,6,0.8,0.833,0.917,1.8
Bobi Klintman,SF,22,12,0.8,0.333,0.407,1.8
Isaiah Livers,PF,27,36,0.6,0.344,0.438,1.8
Cody Martin,SF,30,4,0.5,0.2,0.2,1.8
Kevin McCullar Jr.,SF,24,20,0.7,0.389,0.472,1.8
Orlando Robinson,C,25,4,0.8,0.6,0.7,1.8
TyTy Washington Jr.,PG,24,12,0.8,0.474,0.553,1.8
Jahmir Young,PG,25,11,0.7,0.364,0.409,1.8
Jacob Toppin,SF,25,5,0.8,0.667,0.667,1.6
Mason Plumlee,C,35,19,0.5,0.769,0.769,1.5
Buddy Boeheim,SF,26,4,0.5,0.333,0.5,1.5
Jonathan Mogbo,PF,24,35,0.7,0.561,0.561,1.5
Rocco Zikarsky,C,19,4,0.8,0.6,0.6,1.5
Xavier Tillman Sr.,C,27,28,0.6,0.395,0.43,1.4
Adou Thiero,SF,21,21,0.5,0.455,0.455,1.4
KJ Simpson,PG,23,4,0.5,0.25,0.25,1.3
Dalano Banton,PG,26,3,0.3,0.2,0.2,1.3
Alex Antetokounmpo,SF,24,3,0,0,0,1.3
Brooks Barnhizer,SG,23,37,0.5,0.373,0.422,1.3
Isaiah Crawford,SF,24,13,0.5,0.333,0.389,1.3
Pacôme Dadiet,SG,20,27,0.4,0.314,0.4,1.3
Nigel Hayes-Davis,SF,31,27,0.6,0.326,0.348,1.3
Curtis Jones,SG,24,7,0.6,0.286,0.321,1.3
Kyle Lowry,PG,39,13,0.3,0.2,0.3,1.3
David Roddy,PF,24,3,0.3,0.2,0.2,1.3
Amari Williams,PF,24,21,0.4,0.474,0.474,1.3
Isaac Jones,PF,25,3,0.7,0.5,0.5,1.3
Isaac Jones,PF,25,6,0.5,0.5,0.5,1.2
Thanasis Antetokounmpo,SF,33,31,0.4,0.458,0.458,1.2
Javonte Cooke,SG,26,19,0.5,0.22,0.256,1.2
Dillon Jones,SF,24,6,0.2,0.167,0.25,1.2
Tyus Jones,PG,29,9,0.4,0.308,0.385,1.1
Isaac Jones,PF,25,3,0.3,0.5,0.5,1
CJ Huntley,SF,24,2,0.5,0.5,0.5,1
Hunter Sallis,SG,22,7,0.4,0.6,0.6,1
Dario Šarić,C,31,5,0.2,0.167,0.25,1
Olivier Sarr,C,26,1,0,NA,NA,1
Stanley Umude,SG,26,2,0.5,0.5,0.5,1
Bismack Biyombo,C,33,24,0.3,0.571,0.571,0.9
Johni Broome,C,23,11,0.4,0.167,0.167,0.9
Buddy Hield,SG,33,6,0.2,0.111,0.111,0.8
N'Faly Dante,C,24,4,0.3,0.25,0.25,0.8
Markelle Fultz,PG,27,5,0.4,0.182,0.182,0.8
Vladislav Goldin,C,24,5,0.4,0.667,0.667,0.8
Joe Ingles,SF,38,25,0.3,0.538,0.654,0.8
Trey Jemison,C,26,11,0.4,0.571,0.571,0.8
Drew Peterson,PF,26,6,0.3,0.125,0.125,0.8
Garrett Temple,SG,39,21,0.1,0.214,0.286,0.7
Mason Plumlee,C,35,5,0.2,1,1,0.6
Xavier Tillman Sr.,C,27,14,0.2,0.25,0.25,0.5
Max Shulga,SG,23,9,0.1,0.25,0.25,0.4
John Tonje,SG,24,5,0,0,0,0.4
Chris Mañon,SG,24,6,0,0,0,0.3
Jahmyl Telfort,PF,24,8,0,0,0,0.1
RayJ Dennis,PG,24,1,0,NA,NA,0
RayJ Dennis,PG,24,2,0,0,0,0
Patrick Baldwin Jr.,SF,23,1,0,NA,NA,0
Christian Koloko,C,25,2,0,NA,NA,0
Mo Bamba,C,27,2,0,0,0,0
Darius Brown II,SG,26,1,0,0,0,0
Noa Essengue,PF,19,2,0,0,0,0
Tosan Evbuomwan,SF,24,5,0,0,0,0
Enrique Freeman,PF,25,2,0,NA,NA,0
Chucky Hepburn,PG,22,2,0,0,0,0
Trevor Keels,SG,22,4,0,0,0,0
League Average,,NA,NA,NA,0.47,0.545,NA
