Country Name,Country Code,Indicator Name,Indicator Code,1960,1961,1962,1963,1964,1965,1966,1967,1968,1969,1970,1971,1972,1973,1974,1975,1976,1977,1978,1979,1980,1981,1982,1983,1984,1985,1986,1987,1988,1989,1990,1991,1992,1993,1994,1995,1996,1997,1998,1999,2000,2001,2002,2003,2004,2005,2006,2007,2008,2009,2010,2011,2012,2013,2014,2015,2016,2017,2018,2019,2020,2021
Aruba,ABW,"Hospital beds (per 1,000 people)",SH.MED.BEDS.ZS,,,,,,,,,,,,,,,,,,,,,,,,,,,,,,,,,,,,,,,,,,,,,,,,,,,,,,,,,,,,,,
Africa Eastern and Southern,AFE,"Hospital beds (per 1,000 people)",SH.MED.BEDS.ZS,1.959676923,,,,,,,,,,1.723376412,,,,,,,,,,,,,,,,,,,,1.007538622,,,,,,,,,,,,,,,,0.911870802,,,,,,,,,,,,,,,
Afghanistan,AFG,"Hospital beds (per 1,000 people)",SH.MED.BEDS.ZS,0.170626998,,,,,,,,,,0.199000001,,,,,,,,,,,0.275599986,,,,,,0.309100002,,,0.249799997,,,,,,,,,,0.3,0.39,0.39,0.39,0.39,0.42,0.42,0.42,0.42,0.42,0.43,0.44,0.53,0.53,0.5,0.5,0.5,0.39,,,,
Africa Western and Central,AFW,"Hospital beds (per 1,000 people)",SH.MED.BEDS.ZS,0.781043444,,,,,,,,,,0.967386135,,,,,0.840982979,,,,,,,,,,,,,,,1.474775782,,,,,,,,,,,,,,,,,,,,,,,,,,,,,,,
Angola,AGO,"Hospital beds (per 1,000 people)",SH.MED.BEDS.ZS,2.061461687,,,,,,,,,,2.720999956,,,,,,,,,,,,,,,,,,,,1.291300058,,,,,,,,,,,,,,,0.8,,,,,,,,,,,,,,,,
Albania,ALB,"Hospital beds (per 1,000 people)",SH.MED.BEDS.ZS,5.102675915,,,,,,,,,,,,,,,,,,,,4.271699905,4.187099934,4.160699844,4.086200237,4.138999939,4.138800144,4.069699764,3.970000029,3.935499907,4.132100105,4.02489996,3.998699904,4.013400078,3.831399918,3.017100096,3.190000057,3.140000105,3.049999952,3.049999952,3.029999971,3.26,3.26,3.14,3.07,3.01,3.08,3.12,3.09,,3.01,2.99,2.88,2.88,2.89,,,,,,,,
Andorra,AND,"Hospital beds (per 1,000 people)",SH.MED.BEDS.ZS,,,,,,,,,,,,,,,,,,,,,,,,,,,,,,,,,,,,,3.180000067,3,3.089999914,3.200000048,3.200000048,2.589999914,,3.299999952,,2.7,2.6,2.6,,2.5,,,,,,,,,,,,
Arab World,ARB,"Hospital beds (per 1,000 people)",SH.MED.BEDS.ZS,1.927301333,,,,,,,,,,1.917886019,,,,,1.583814174,,,,,,1.707610355,,,,,,,,,1.795581514,,,,,,,,,,1.599372598,1.642780824,1.576436313,1.571150866,1.606222205,1.622473709,1.649643594,1.617125984,1.639012819,1.538073605,1.547149045,1.162399268,1.161831053,1.150740936,2.274647272,1.485155602,2.073525035,1.380434026,,,,
United Arab Emirates,ARE,"Hospital beds (per 1,000 people)",SH.MED.BEDS.ZS,,,,,,,,,,,,,,,,,,,,,2.849499941,2.875099897,,,,,,,,,2.640000105,,3.060499907,,,,2.640000105,,,,2.38,2.28,2.19,2.19,2.19,2.19,1.88,1.88,1.86,1.93,1.93,1.07,1.07,1.15,0.01,1.1,1.36,1.38,,,,
Argentina,ARG,"Hospital beds (per 1,000 people)",SH.MED.BEDS.ZS,6.352250576,,,,,,,,,,5.585800171,,,,,,,,,,,,,,,,,,,,4.594299793,,,4.599999905,,,3.289999962,,,,4.1,,,,,4,,,,,4.5,4.39,4.59,4.78,4.84,4.96,4.95,4.99,,,,
Armenia,ARM,"Hospital beds (per 1,000 people)",SH.MED.BEDS.ZS,,,,,,,,,,,,,,,,,,,,,8.395400047,8.578399658,8.682800293,8.548100471,8.660099983,8.699199677,9.024200439,8.996600151,9.190400124,9.03579998,9.094799995,8.529299736,8.367699623,8.214699745,7.765999794,7.639999867,7.130000114,6.75,6.659999847,6.199999809,6.44,5.03,4.35,4.42,4.44,4.46,4.42,4.07,3.82,3.72,3.73,3.74,4.05,4.06,4.16,4.2,,,,,,
American Samoa,ASM,"Hospital beds (per 1,000 people)",SH.MED.BEDS.ZS,,,,,,,,,,,,,,,,,,,,,,,,,,,,,,,,,,,,,,,,,,,,,,,,,,,,,,,,,,,,,,
Antigua and Barbuda,ATG,"Hospital beds (per 1,000 people)",SH.MED.BEDS.ZS,7.706421852,,,,,,,,,,6.53000021,,,,,,,,,,,,,,,,,,,,6.599999905,,,6.104800224,,,3.880000114,,,,,2.6,2.3,2.5,2.4,2.4,2.4,2,1.7,2.2,2.2,1.93,,3.6,3.55,3.61,3.01,2.89,,,,
Australia,AUS,"Hospital beds (per 1,000 people)",SH.MED.BEDS.ZS,11.19999981,11.30000019,11.39999962,11.69999981,11.80000019,11.89999962,11.80000019,11.80000019,11.80000019,11.69999981,11.69999981,11.60000038,11.80000019,11.80000019,12,11.89999962,11.89999962,12.10000038,12.10000038,12.19999981,12.30000019,12.19999981,12.10000038,11.89999962,11.69999981,10.89999962,,10.5,,9.800000191,,9.199999809,8.899999619,8.899999619,8.699999809,8.699999809,8.5,8.300000191,8.199999809,7.900000095,4.04,3.95,3.93,3.97,4,3.9,3.93,,3.82,3.77,3.78,3.79,3.75,3.74,3.79,3.82,3.84,,,,,
Austria,AUT,"Hospital beds (per 1,000 people)",SH.MED.BEDS.ZS,10.80000019,,,,,,,,,,10.80000019,,,,,,,,,,11.19999981,,,,,10.89999962,10.80000019,10.69999981,10.60000038,10.39999962,10.19999981,9.899999619,9.699999809,9.399999619,9.5,9.399999619,9.300000191,9.199999809,9,8.899999619,7.95,7.85,7.81,7.73,7.73,7.69,7.66,7.75,7.69,7.68,7.65,7.68,7.67,7.64,7.58,7.54,7.42,7.37,7.27,,,
Azerbaijan,AZE,"Hospital beds (per 1,000 people)",SH.MED.BEDS.ZS,,,,,,,,,,,,,,,,,,,,,9.745200157,,,,,9.896800041,9.841099739,9.882100105,9.966300011,10.20440006,10.09920025,10.02089977,10.54279995,10.48750019,10.07059956,10.02000046,9.81000042,9.609999657,9.06000042,8.899999619,8.69,8.51,8.4,8.27,8.24,8.21,7.94,7.93,7.67,7.54,5.06,4.62,4.65,4.69,4.82,,,,,,,
Burundi,BDI,"Hospital beds (per 1,000 people)",SH.MED.BEDS.ZS,1.122407317,,,,,,,,,,1.280599952,,,,,1.123200059,,,,,,,,,,,0.679199994,,,,,0.663100004,,,,,,,,,,,,,,,0.7,,,,,1.9,,,0.79,,,,,,,
Belgium,BEL,"Hospital beds (per 1,000 people)",SH.MED.BEDS.ZS,,,,,,,,,,,8.300000191,,,,,,,,,,9.399999619,,,,,9.100000381,,,,,8,7.900000095,7.699999809,7.699999809,7.599999905,,,7.199999809,7.199999809,7.099999905,6.72,6.62,6.54,6.53,6.48,6.44,6.35,6.27,6.25,6.15,6.12,6.05,5.99,5.93,5.85,5.83,5.76,5.66,5.62,5.58,,
Benin,BEN,"Hospital beds (per 1,000 people)",SH.MED.BEDS.ZS,1.225748777,,,,,,,,,,1.154899955,,,,,,,,,,1.464900017,1.131199956,,,,0.359600008,,,,,0.833899975,0.500500023,0.223100007,0.239099994,0.233600006,,,,,,,,,,,0.5,,,,,0.5,,,,,,,,,,,
Burkina Faso,BFA,"Hospital beds (per 1,000 people)",SH.MED.BEDS.ZS,0.523758113,,,,,,,,,,0.571500003,,,,,,,,,,,,,,,,,,,0.306400001,0.299299985,,,,,1.299999952,1.419999957,,,,,,,,,,0.9,,,,0.4,,,,,,,,,,,
Bangladesh,BGD,"Hospital beds (per 1,000 people)",SH.MED.BEDS.ZS,,,,,,,,,,,0.155100003,,,,,,,,,,0.215800002,0.225199997,,,,0.287800014,,,,,0.304199994,0.308099985,,,0.304899991,,,,,0.300000012,,0.3,0.34,,,0.3,,,,,,0.6,,,0.6,0.77,0.79,,,,,
Bulgaria,BGR,"Hospital beds (per 1,000 people)",SH.MED.BEDS.ZS,6.213677406,,,,,,,,,,,,,,,,,,,,8.850600243,8.859000206,8.886699677,8.876799583,8.963000298,9.11400032,9.4520998,9.564200401,9.560199738,9.7020998,9.790800095,9.768199921,10.20639992,10.49419975,10.19610024,10.36999989,10.47000027,10.27999973,8.409999847,7.489999771,7.41,7.2,6.49,6.29,6.13,6.41,6.28,6.46,6.61,6.72,6.62,6.45,6.61,6.82,7.13,7.24,7.27,7.45,,,,
Bahrain,BHR,"Hospital beds (per 1,000 people)",SH.MED.BEDS.ZS,4.711409569,,,,,,,,,,4.342899799,,,,,,,,,,3.314399958,,,,,,,,,3.33949995,,,,,,,,2.900000095,,,2.75,2.82,2.86,2.81,2.81,2.81,2.74,2.74,1.97,1.9,1.77,1.7,2.08,2.08,2.03,1.95,1.89,1.74,,,,
"Bahamas, The",BHS,"Hospital beds (per 1,000 people)",SH.MED.BEDS.ZS,5.725663662,,,,,,,,,,5.093599796,,,,,,,,,,4.404799938,,,,,,,,,,4,,,3.883899927,,3.6,3.940000057,,,,3.5,3.4,3.400000095,3.4,3.4,,3.2,3.2,3.2,3.2,2.92,2.9,2.86,2.85,2.76,2.83,,2.96,,,,
Bosnia and Herzegovina,BIH,"Hospital beds (per 1,000 people)",SH.MED.BEDS.ZS,,,,,,,,,,,,,,,,,,,,,4.831099987,4.922800064,4.917900085,4.904699802,4.813700199,4.718100071,4.742000103,4.593500137,4.578199863,4.498300076,4.45909977,4.377999783,,,,,,,3.819999933,3.799999952,3.38,3.24,3.21,3.17,3.05,3.12,3.32,3.39,3.35,3.33,3.4,3.46,3.5,3.5,3.49,,,,,,,
Belarus,BLR,"Hospital beds (per 1,000 people)",SH.MED.BEDS.ZS,,,,,,,,,,,,,,,,,,,,,12.54609966,,,,,13.07129955,13.26049995,13.45629978,13.37290001,13.5795002,13.22640038,13.20470047,12.69069958,12.4762001,12.46389961,12.38000011,12.27000046,12.35999966,12.42000008,12.64000034,12.61,12.58,11.94,11.34,10.71,11.13,11.18,11.23,11.12,11.07,11.45,11.25,11.27,11.05,10.83,,,,,,,
Belize,BLZ,"Hospital beds (per 1,000 people)",SH.MED.BEDS.ZS,4.667765141,,,,,,,,,,5.401400089,,,,,,,,,,,,,,,,3.316800117,,,,2.700000048,,,2.799999952,,2.5,2.130000114,,,,1.9,,,1.299999952,1.3,1.2,1.3,1.2,1.2,1.1,1.2,1.09,1.08,0.89,1.27,,1.22,1.04,,,,
Bermuda,BMU,"Hospital beds (per 1,000 people)",SH.MED.BEDS.ZS,,,,,,,,,,,,,,,,,,,,,,,,,,,,,,,,,,,,,6.300000191,,,,,,,,,,,,,,,,,,,,,,,,,
Bolivia,BOL,"Hospital beds (per 1,000 people)",SH.MED.BEDS.ZS,1.845419288,,,,,,,,,,2.321700096,,,,,2.058799982,,,,,,,,,,,,,,,1.317800045,1.411000013,,1.399999976,,,1.669999957,,,,,,,1,1,,1.1,1.1,1.1,1.1,,1.07,1.1,1.12,1.15,1.13,1.27,1.29,,,,
Brazil,BRA,"Hospital beds (per 1,000 people)",SH.MED.BEDS.ZS,3.20179534,,,,,,,,,,3.691800117,,,,,4.995100021,,,,,,,,,,,,3.560300112,,,3.345299959,,,3.5,,,3.109999895,,,,2.82,2.78,2.59,2.42,,2.52,2.48,2.47,2.44,2.43,2.37,2.31,2.27,2.25,2.22,2.15,2.11,2.09,,,,
Barbados,BRB,"Hospital beds (per 1,000 people)",SH.MED.BEDS.ZS,5.929779053,,,,,,,,,,10.22159958,,,,,,,,,,8.534700394,,,,,,,,,,8.399999619,,,1.26760006,,7.4,7.559999943,,,,,,,7.3,7.3,6.7,6.6,,7.6,6.8,6.76,,6.34,6.34,5.93,5.9,5.89,5.97,,,,
Brunei Darussalam,BRN,"Hospital beds (per 1,000 people)",SH.MED.BEDS.ZS,4.902439117,,,,,,,,,,3.507699966,,,,,,,,,,,2.935899973,2.993999958,,,,,,,,,,,,,,,,,,2.46,,2.7,,2.6,2.58,2.79,,2.7,2.6,2.46,2.46,2.44,2.42,2.43,2.77,2.76,2.85,,,,
Bhutan,BTN,"Hospital beds (per 1,000 people)",SH.MED.BEDS.ZS,,,,,,,,,,,,,,,,,,,,,,,,,,,1.705899954,,,,0.846700013,,,,1.614799976,,,,,1.600000024,,1.6,1.6,,,,1.7,,,,,1.8,1.74,,,,,,,,,
Botswana,BWA,"Hospital beds (per 1,000 people)",SH.MED.BEDS.ZS,2.122916698,,,,,,,,,,,,,,,,,,,,2.363100052,,,,,,,,,,1.575199962,,,,,,,,,,,,,2.2,,,,2.4,1.8,,1.8,,,,,,,,,,,
Central African Republic,CAF,"Hospital beds (per 1,000 people)",SH.MED.BEDS.ZS,1.231421113,,,,,,,,,,1.87559998,,,,,,,,,,1.558599949,,,,,,,,,,0.873199999,,,,,,,,,,,,,,,,1.2,,,,,1,,,,,,,,,,
Canada,CAN,"Hospital beds (per 1,000 people)",SH.MED.BEDS.ZS,6.199999809,,,,,,,,,,7,,,,,,6.900000095,6.900000095,6.900000095,6.800000191,6.800000191,6.900000095,6.800000191,6.800000191,6.800000191,6.800000191,6.699999809,6.599999905,6.5,6.300000191,6,5.800000191,5.5,5.400000095,,5,4.599999905,4.400000095,4.199999809,3.900000095,3.77,3.69,3.64,3.5,3.44,3.1,3.02,2.96,2.85,2.8,2.78,2.8,2.79,2.72,2.67,2.62,2.6,2.53,2.55,2.52,,
Central Europe and the Baltics,CEB,"Hospital beds (per 1,000 people)",SH.MED.BEDS.ZS,,,,,,,,,,,,,,,,,,,,,8.030245211,,,,,8.20049509,,,,,8.119840504,8.038828765,7.672285757,7.642886058,7.630671597,7.2386887,7.268246557,7.023065449,6.797328839,6.616530679,6.696352285,,6.737823247,6.887874263,6.827509901,6.774348966,6.733956696,6.603310899,6.664636914,6.65480915,6.569159914,6.542458718,6.574336638,6.556354548,6.582222727,6.57965017,6.583020918,6.593183615,6.422667075,,,
Switzerland,CHE,"Hospital beds (per 1,000 people)",SH.MED.BEDS.ZS,,,,,,,,,,,,,,,,,,,,,,,,,,,,,,,,19.89999962,,,,,,,,,6.29,6.04,5.95,5.82,5.67,5.54,5.39,5.36,5.21,5.1,5.19,5.05,4.97,4.85,4.73,4.73,4.69,4.65,4.63,,,
Channel Islands,CHI,"Hospital beds (per 1,000 people)",SH.MED.BEDS.ZS,11.15384579,,,,,,,,,,11.22500038,,,,,,,,,,10.65120029,10.5951004,,,,,,,,,,,,,,,,,,,,,,,,,,,,,,,,,,,,,,,,
Chile,CHL,"Hospital beds (per 1,000 people)",SH.MED.BEDS.ZS,3.67429018,,,,,,,,,,3.776400089,,,,,,,,,,3.406399965,,,,,,,,,3.176700115,3.158600092,,,3.099999905,,,2.670000076,,,,2.72,2.62,2.54,2.51,2.41,2.31,2.33,2.29,2.28,2.27,2.04,2.22,2.17,2.17,2.12,2.14,2.12,2.11,2.06,,,
China,CHN,"Hospital beds (per 1,000 people)",SH.MED.BEDS.ZS,,,,,,1.440000057,1.519999981,1.5,1.450000048,1.450000048,1.539999962,1.580000043,1.710000038,1.769999981,1.850000024,1.919999957,2,2.069999933,2.140000105,2.200000048,2.230000019,2.25,2.25999999,2.289999962,2.329999924,2.369999886,2.400000095,2.480000019,2.539999962,2.559999943,2.579999924,2.599999905,2.619999886,2.630000114,2.630000114,2.609999895,2.549999952,2.549999952,2.529999971,2.519999981,1.68,1.66,1.7,1.73,1.79,1.84,1.91,1.99,2.13,2.29,2.47,2.69,3.01,3.29,3.55,3.79,4.02,4.31,,,,
Cote d'Ivoire,CIV,"Hospital beds (per 1,000 people)",SH.MED.BEDS.ZS,1.348769546,,,,,,,,,,1.156100035,,,,,,,,,,,,,,,,,,,0.828499973,0.81160003,,,,,,,,,,,,,,,,0.4,,,,,,,,,,,,,,,
Cameroon,CMR,"Hospital beds (per 1,000 people)",SH.MED.BEDS.ZS,2.00226593,,,,,,,,,,1.75150001,,,,,2.465899944,,,,,,,,,,,,,,2.59829998,2.553299904,,,,,,,,,,,,,,,,1.5,,,,1.3,,,,,,,,,,,
"Congo, Dem. Rep.",COD,"Hospital beds (per 1,000 people)",SH.MED.BEDS.ZS,5.674036503,,,,,,,,,,3.323400021,,,,,3.225300074,,,,,,,,,,,,1.593099952,,,1.426800013,,,,,,,,,,,,,,,1.1,0.8,,,,,,,,,,,,,,,
"Congo, Rep.",COG,"Hospital beds (per 1,000 people)",SH.MED.BEDS.ZS,3.757085085,,,,,,,,,,4.387199879,,,,,,,,,,,,,,,,,,,,3.349999905,,,,,,,,,,,,,,,1.6,,,,,,,,,,,,,,,,
Colombia,COL,"Hospital beds (per 1,000 people)",SH.MED.BEDS.ZS,2.575547218,,,,,,,,,,2.097300053,,,,,,,,,,1.564100027,,,,,,,,,1.251099944,1.366700053,,,1.299999952,,,1.460000038,,,,,,,1.100000024,1.2,,1,1,,,1.48,1.45,1.48,1.54,1.59,1.61,1.68,1.7,1.71,,,
Comoros,COM,"Hospital beds (per 1,000 people)",SH.MED.BEDS.ZS,,,,,,,,,,,,,,,,,,,,,,,,,,,,,,3.124900103,2.761600018,,,,,,,,,,,,,,,,2.2,,,,2.16,,,,,,,,,,,
Cabo Verde,CPV,"Hospital beds (per 1,000 people)",SH.MED.BEDS.ZS,,,,,,,,,,,1.408200026,,,,,,,,,,2.1868999,,,,,,,,1.5977,,,,1.583099961,,,,,,,,,,,,,2.1,,,2.1,,2.1,,,,,,,,,,,
Costa Rica,CRI,"Hospital beds (per 1,000 people)",SH.MED.BEDS.ZS,4.790777206,,,,,,,,,,3.939599991,,,,,,,,,,3.314399958,,,,,,,,,,2.5,,,,1.793900013,1.779999971,1.75,1.710000038,1.679999948,,1.65,1.61,1.57,1.54,1.5,1.35,1.32,1.3,1.25,1.24,1.24,1.23,1.2,1.18,1.17,1.16,1.15,1.14,1.11,1.1,,
Caribbean small states,CSS,"Hospital beds (per 1,000 people)",SH.MED.BEDS.ZS,5.054235123,,,,,,,,,,4.995971726,,,,,4.990418643,,,,,,,,,,,,,,,3.620072882,,,2.821150823,,3.091517881,3.479441791,,,,,2.492975657,,2.531527081,,2.442566084,2.556559939,2.182278493,,2.300534123,2.311662982,,2.294111886,2.242751026,,2.501152547,2.316067438,2.38671741,,,,
Cuba,CUB,"Hospital beds (per 1,000 people)",SH.MED.BEDS.ZS,4.366499424,,,,,,,,,,4.632400036,,,,,,,,,,,,,,,,,,,,5.421199799,,,6,,,5.130000114,,,,,,,4.900000095,,4.9,4.9,4.9,6,5.9,5.9,5.08,5.04,5.05,5.16,5.24,5.32,5.33,,,,
Curacao,CUW,"Hospital beds (per 1,000 people)",SH.MED.BEDS.ZS,,,,,,,,,,,,,,,,,,,,,,,,,,,,,,,,,,,,,,,,,,,,,,,,,,,,,,,,,,,,,,
Cayman Islands,CYM,"Hospital beds (per 1,000 people)",SH.MED.BEDS.ZS,,,,,,,,,,,,,,,,,,,,,,,,,,,,,,,3,,,,,,,,,,,,,,,,,,,,,,,,,,,,,,,
Cyprus,CYP,"Hospital beds (per 1,000 people)",SH.MED.BEDS.ZS,4.523560047,,,,,,,,,,5.382100105,,,,,,,,,,5.652999878,5.720099926,,,,,,,,5.086400032,,,,,,,,,,,4.52,4.4,4.4,4.3,4.2,3.83,3.8,3.8,3.78,3.76,3.57,3.51,3.46,3.41,3.42,3.42,3.43,3.4,,,,
Czech Republic,CZE,"Hospital beds (per 1,000 people)",SH.MED.BEDS.ZS,,,,,,,,,,,,,,,,,,,,,11.30000019,,,,,11.39999962,,,,,11.30000019,11.10000038,10.69999981,10.39999962,10.19999981,,,,,,7.8,7.77,7.76,7.73,7.65,7.57,7.45,7.33,7.21,7.14,7.3,7.06,6.93,6.7,6.68,6.67,6.66,6.63,6.62,,,
Germany,DEU,"Hospital beds (per 1,000 people)",SH.MED.BEDS.ZS,10.5,,,,,,,,,,11.30000019,,,,,,,,,,11.5,,,,,11,,,,,10.39999962,10.10000038,9.899999619,9.699999809,9.699999809,9.699999809,9.600000382,9.399999619,9.300000191,9.199999809,9.12,9.01,8.87,8.74,8.58,8.47,8.3,8.24,8.21,8.24,8.25,8.38,8.34,8.28,8.23,8.13,8.06,8,,,,
Djibouti,DJI,"Hospital beds (per 1,000 people)",SH.MED.BEDS.ZS,7.831325531,,,,,,,,,,6.077400208,,,,,,,,,,,3.610500097,,,,,,,,,2.539700031,,,,,,,,,,1.75,1.75,1.75,1.61,1.61,1.61,1.61,,,,1.42,1.42,1.42,1.42,1.4,1.4,1.4,1.4,,,,
Dominica,DMA,"Hospital beds (per 1,000 people)",SH.MED.BEDS.ZS,4.543946743,,,,,,,,,,4.444399834,,,,,,,,,,,,,,,,,,,,3,,,2.593899965,,3.6,2.650000095,,,,3.8,3.5,3.900000095,3.9,3.9,3.9,,4,3.8,3.8,3.8,3.8,3.8,,,,,,,,,
Denmark,DNK,"Hospital beds (per 1,000 people)",SH.MED.BEDS.ZS,,,,,,,,,,,8.100000381,,8.399999619,8.300000191,8.5,8.5,8.600000381,8.399999619,8.5,8.199999809,8.100000381,7.800000191,7.699999809,7.400000095,7.099999905,7,6.900000095,6.199999809,6,5.800000191,5.599999905,5.400000095,5.099999905,5,5,4.900000095,4.699999809,4.599999905,4.5,4.300000191,4.29,4.22,4.29,4.13,3.97,3.86,3.79,3.69,3.57,3.49,3.5,3.13,,3.07,2.69,2.53,2.6,2.61,2.43,2.6,,
Dominican Republic,DOM,"Hospital beds (per 1,000 people)",SH.MED.BEDS.ZS,2.328690767,,,,,,,,,,2.639400005,,,,,2.501499891,,,,,,,,,,,,,,,1.881299973,,,2,,,1.5,,,,,,,2.099999905,,2,,1.22,1.57,1.44,1.59,1.74,1.74,1.79,1.79,1.58,1.44,1.56,,,,
Algeria,DZA,"Hospital beds (per 1,000 people)",SH.MED.BEDS.ZS,3.187407494,,,,,,,,,,2.842499971,,,,,,,,,,,,,,,,2.488399982,,2.628999949,2.564399958,2.499300003,,,,2.103199959,,,,2.099999905,,,,,,1.7,,,,,,,,,,,1.9,,,,,,
East Asia & Pacific (excluding high income),EAP,"Hospital beds (per 1,000 people)",SH.MED.BEDS.ZS,,,,,,1.440000057,1.519999981,1.5,1.450000048,1.450000048,1.441884407,1.580000043,1.710000038,1.769999981,1.850000024,1.781145329,1.987324432,2.069999933,2.140000105,2.200000048,2.223728021,2.294443373,2.23417674,2.262480631,2.310007974,2.122004855,2.365937311,2.479968493,2.536646318,2.356501436,2.278770899,2.272251672,2.277706987,2.291976908,2.349608895,2.572054584,2.540836534,2.498074616,2.255732345,2.50488306,1.707603156,1.658499582,1.643425191,1.730509662,1.842023261,1.876776793,1.869342748,1.934583426,2.108196709,2.03808299,2.298076133,2.28218385,2.660693464,2.819590186,2.994091366,3.302360897,3.411675651,3.678553145,,,,
Early-demographic dividend,EAR,"Hospital beds (per 1,000 people)",SH.MED.BEDS.ZS,0.919975827,,,,,,,,,,0.967250013,,,,,0.887526192,,,,,1.03899103,,,,,1.107194973,,,,,,1.090245682,,,,,,,,,1.058873463,0.942971606,0.938016416,1.190760295,,0.933510799,0.963494225,0.945315218,0.86472285,0.837554574,0.954899897,1.120702712,0.897904437,0.917521267,0.951540813,0.921113966,0.869946194,0.923100739,,,,
East Asia & Pacific,EAS,"Hospital beds (per 1,000 people)",SH.MED.BEDS.ZS,,,,,,,,,,,2.552531402,,,,,1.917061079,2.128237672,,,,3.324765738,2.438287673,2.382988884,2.41176753,2.456171467,3.287140305,2.396844504,,,2.487654774,2.341231597,2.420908958,2.42885364,3.437270032,3.528619109,3.8015053,3.803586666,3.707116393,3.393181506,3.700677844,2.819471925,2.753333812,2.564432159,2.946279463,2.969267673,2.943743338,2.900998346,3.042029284,3.164671047,2.957516554,3.146146091,3.217622659,3.499820249,3.686660408,3.855186752,4.187803577,4.262580604,4.514408626,,,,
Europe & Central Asia (excluding high income),ECA,"Hospital beds (per 1,000 people)",SH.MED.BEDS.ZS,,,,,,,,,,,,,,,,,,,,,,,,,,10.76049668,10.81425688,10.84707107,10.88155202,10.90374442,10.88746091,10.62576996,10.43504228,10.24247961,9.931181407,9.696988887,9.257764007,8.700211383,8.361000007,8.123318416,8.133646169,8.031645567,7.963029868,7.875899972,7.831587273,7.722868315,7.65350871,7.517161453,7.188707457,7.143267853,6.965185331,6.844504852,6.758219097,6.605407559,6.338466009,,,,,,,
Europe & Central Asia,ECS,"Hospital beds (per 1,000 people)",SH.MED.BEDS.ZS,,,,,,,,,,,,,,,,,,,,,9.1544372,,,,,9.588008792,9.672760228,9.654181104,9.622064051,9.565864863,9.16320684,9.026742885,8.696721218,8.520801585,8.324925389,8.129745233,7.904555164,7.543849537,7.299687866,7.094821473,7.015007593,7.008578286,6.864447929,6.788024976,6.709458974,6.617444102,6.528125774,6.415091432,6.236282112,6.168882484,6.024684246,5.947249282,5.903793725,5.782523428,5.677903651,5.465098586,5.40811454,5.360960168,4.713237418,,,
Ecuador,ECU,"Hospital beds (per 1,000 people)",SH.MED.BEDS.ZS,1.870691538,,,,,,,,,,2.349100113,,,,,2.546299934,,,,,1.907199979,,,,,,,,,,1.644099951,,,1.600000024,,,1.549999952,,,,,,1.5,1.7,,,,1.5,1.5,1.6,1.59,1.62,1.5,1.51,1.55,1.57,1.39,,,,,
"Egypt, Arab Rep.",EGY,"Hospital beds (per 1,000 people)",SH.MED.BEDS.ZS,2.146979332,,,,,,,,,,2.180500031,,,,,2.036600113,,,,,2.026299953,2.07220006,,,,,2.085700035,,2.124700069,2.019900084,2.070899963,2.024199963,2.000400066,1.929299951,,,2.099999905,2.099999905,,,2.1,2.1,2.1,2.17,2.17,2.2,2.2,2.1,2.08,1.73,1.73,0.52,0.52,0.52,1.56,1.56,1.43,1.43,,,,
Euro area,EMU,"Hospital beds (per 1,000 people)",SH.MED.BEDS.ZS,,,,,,,,,,,9.652186839,,,,,,,,,,9.942088558,,,,,9.075240306,,,,,8.24123613,8.030624044,7.907718638,7.749245795,7.648646921,7.517094515,7.502334226,7.234893004,7.073491751,6.879488962,6.654678706,6.538652508,6.415009132,6.266410661,6.139191188,6.052019917,5.949173256,5.888105993,5.797138321,5.679360949,5.576384064,5.528998506,5.477785847,5.398404508,5.432953657,5.303896294,5.254055668,5.203910665,4.277151119,,,
Eritrea,ERI,"Hospital beds (per 1,000 people)",SH.MED.BEDS.ZS,,,,,,,,,,,,,,,,,,,,,,,,,,,,,,,,,,,,,,,,,,,,,,,1.2,,,,,0.7,,,,,,,,,,
Spain,ESP,"Hospital beds (per 1,000 people)",SH.MED.BEDS.ZS,,,,,,,,,,,4.699999809,,,,,,,,,5.5,5.400000095,5.400000095,5.400000095,5.199999809,5,4.900000095,4.800000191,4.800000191,4.699999809,4.699999809,4.599999905,4.599999905,4.5,4.400000095,4.400000095,4.300000191,4.300000191,4.199999809,4.199999809,4.099999905,3.65,3.58,3.53,3.44,3.4,3.34,3.29,3.25,3.2,3.16,3.11,3.05,2.99,2.96,2.97,2.98,2.97,2.97,2.97,,,
Estonia,EST,"Hospital beds (per 1,000 people)",SH.MED.BEDS.ZS,,,,,,,,,,,,,,,,,,,,,12.1850996,,,,,12.27439976,12.26519966,12.13650036,12.02670002,11.93080044,11.61060047,11.28919983,9.681699753,9.622300148,8.561300278,8.350000382,7.900000095,7.710000038,7.579999924,7.53000021,7.04,6.6,5.98,5.73,5.64,5.38,5.55,5.48,5.63,5.37,5.27,5.36,5.53,5.01,5.01,4.96,4.76,4.69,4.57,,,
Ethiopia,ETH,"Hospital beds (per 1,000 people)",SH.MED.BEDS.ZS,0.294233888,,,,,,,,,,0.2852,,,,,0.285699993,,,,,0.29550001,,,,,,,,,,0.241500005,,,,,,,,,,,,,,0.2,,0.2,,0.2,,,6.3,,,,0.3,0.33,,,,,
European Union,EUU,"Hospital beds (per 1,000 people)",SH.MED.BEDS.ZS,,,,,,,,,,,,,,,,,,,,,9.520251005,,,,,8.878143101,,,,,8.19699316,8.007976464,7.747100672,7.609361031,7.542822367,7.309871501,7.290294609,7.062098454,6.860279969,6.669268908,6.53229073,6.576234296,6.372434467,6.300475703,6.193790356,6.115612824,6.027027762,5.946065927,5.889642968,5.801720187,5.707829971,5.661226358,5.661213504,5.564931597,5.597155997,5.488287606,5.449564678,5.409883426,4.593965981,,,
Fragile and conflict affected situations,FCS,"Hospital beds (per 1,000 people)",SH.MED.BEDS.ZS,1.209967136,,,,,,,,,,1.204996277,,,,,,,,,,2.998141302,,,,,,,,,,2.640027023,,,,,,,,,,,,,,,,,,,,,,,,,,,,,,,
Finland,FIN,"Hospital beds (per 1,000 people)",SH.MED.BEDS.ZS,,,,,,,,,,,15.10000038,,,,,,,,,,15.60000038,,,,,14,,,,,12.5,11.19999981,11,10,10,9.300000191,9.199999809,7.900000095,7.800000191,7.599999905,7.54,7.46,7.35,7.24,7.1,7.05,6.99,6.73,6.57,6.25,5.85,5.52,5.3,4.87,4.53,4.35,3.97,3.28,3.61,,,
Fiji,FJI,"Hospital beds (per 1,000 people)",SH.MED.BEDS.ZS,4.04060936,,,,,,,,,,2.909600019,,,,,3.333300114,,,,,2.813899994,2.746099949,,,,,,,,,,,,,,,,,,2.6,,,,,2.1,2.09,,,2.1,2.1,,2.19,,2.19,1.85,1.87,2,,,,,
France,FRA,"Hospital beds (per 1,000 people)",SH.MED.BEDS.ZS,,,,,,,,,,,,,,,10.5,10.60000038,10.60000038,10.80000019,10.89999962,11.10000038,11.10000038,11.10000038,11,10.80000019,10.69999981,10.5,10.30000019,10.19999981,10.10000038,9.899999619,9.699999809,9.600000382,9.399999619,9.300000191,9.100000382,8.899999619,8.800000191,8.600000382,8.399999619,8.300000191,7.97,7.83,7.71,7.55,7.39,7.22,7.11,7.06,6.9,6.66,6.43,6.36,6.34,6.28,6.2,6.13,6.06,5.98,5.91,,,
Faroe Islands,FRO,"Hospital beds (per 1,000 people)",SH.MED.BEDS.ZS,,,,,,,,,,,,,,,,,,,,,,,,,,,,,,,,,,,,,,,,,,,,,,,,,,,,,,,,,,,,,,
"Micronesia, Fed. Sts.",FSM,"Hospital beds (per 1,000 people)",SH.MED.BEDS.ZS,,,,,,,,,,,,,,,,,,,,,,,,,,,,,,3.467299938,,,,,,,,,,,2.8,,,,,3.3,3.31,,,3.2,,,,,,,,,,,,
Gabon,GAB,"Hospital beds (per 1,000 people)",SH.MED.BEDS.ZS,5.713991642,,,,,,,,,,9.910699844,,,,,,,,,,,,,,,1.552000046,,,,,3.193799973,,,,,,,,,,,,,,,,2,,1.3,,6.3,,,,,,,,,,,
United Kingdom,GBR,"Hospital beds (per 1,000 people)",SH.MED.BEDS.ZS,10.69999981,,,,,,,,,,9.600000381,,,,,,,,,,8.100000381,,,,,7.400000095,,,,,5.900000095,5.599999905,5.400000095,5.099999905,4.800000191,4.800000191,4.599999905,4.599999905,4.400000095,4.199999809,4.08,4.04,3.98,3.95,3.86,3.72,3.54,3.39,3.33,3.26,2.93,2.88,2.81,2.76,2.73,2.61,2.57,2.54,2.5,2.46,,
Georgia,GEO,"Hospital beds (per 1,000 people)",SH.MED.BEDS.ZS,,,,,,,,,,,,,,,,,,,,,10.17080021,,,,,9.973400116,10.01500034,10.10739994,9.993499756,9.995699883,9.797499657,9.798100472,10.00870037,9.39109993,9.675800324,7.659999847,5.670000076,5.860000134,5.710000038,5.690000057,4.81,4.45,4.2,4.19,4.12,3.92,3.74,3.32,3.21,3.09,2.99,2.81,2.53,2.59,2.89,,,,,,,
Ghana,GHA,"Hospital beds (per 1,000 people)",SH.MED.BEDS.ZS,0.779893696,,,,,,,,,,1.32280004,,,,,1.250800014,,,,,,,,,,1.567000031,,,,,1.460000038,,,,,,,,,,,,,,,0.9,,,,0.9,,0.9,,,,,,,,,,
Gibraltar,GIB,"Hospital beds (per 1,000 people)",SH.MED.BEDS.ZS,,,,,,,,,,,,,,,,,,,,,,,,,,,,,,,,,,,,,,,,,,,,,,,,,,,,,,,,,,,,,,
Guinea,GIN,"Hospital beds (per 1,000 people)",SH.MED.BEDS.ZS,0.739158154,,,,,,,,,,1.75849998,,,,,,,,,,,,,,,,,,0.584100008,,0.550700009,,,,,,,,,,,,,,,0.3,,,,,,0.3,,,,,,,,,,
"Gambia, The",GMB,"Hospital beds (per 1,000 people)",SH.MED.BEDS.ZS,1.181818128,,,,,,,,,,,,,,,,,,,,,,,,,1.657799959,,,,,0.610899985,,,,,,,,,,,,,,,0.8,,,,1.1,,1.1,,,,,,,,,,
Guinea-Bissau,GNB,"Hospital beds (per 1,000 people)",SH.MED.BEDS.ZS,1.621184945,,,,,,,,,,1.574599981,,,,,,,,,,1.886000037,1.971699953,,,,,,,,,1.477900028,,,,,,,,,,,,,,,,,0.7,,1,,,,,,,,,,,,
Equatorial Guinea,GNQ,"Hospital beds (per 1,000 people)",SH.MED.BEDS.ZS,4.996031761,,,,,,,,,,,,,,,,,,,,,,,,,,,,2.802999973,,,,,,,,,,,,,1.1,,,,2.2,,,,1.9,2.1,,,,,,,,,,,
Greece,GRC,"Hospital beds (per 1,000 people)",SH.MED.BEDS.ZS,5.800000191,,,,,,,,,,6.199999809,,,,,,,,,,6.199999809,,,,,5.5,5.300000191,5.199999809,5.199999809,5.099999905,5.099999905,5,5,5,4.900000095,4.900000095,4.900000095,4.900000095,4.800000191,4.699999809,4.77,4.81,4.75,4.74,4.73,4.78,4.87,4.88,4.84,4.93,4.48,4.47,4.45,4.24,4.24,4.25,4.2,4.21,4.2,,,
Grenada,GRD,"Hospital beds (per 1,000 people)",SH.MED.BEDS.ZS,6.222222328,,,,,,,,,,7.25369978,,,,,,,,,,5.771399975,,,,,,,,,,8,,,8.177800179,,5.5,5.269999981,,,,6.2,,6.9,5.699999809,,4.1,,2.6,2.6,2.4,,3.6,3.58,3.81,3.8,3.78,3.58,3.57,,,,
Greenland,GRL,"Hospital beds (per 1,000 people)",SH.MED.BEDS.ZS,,,,,,,,,,,14.35340023,,,,,,,,,,,,,,,,,,,,,,,,,,,,,,,,,,,,,,,,,,,,,,,,,,,
Guatemala,GTM,"Hospital beds (per 1,000 people)",SH.MED.BEDS.ZS,2.631087542,,,,,,,,,,2.171099901,,,,,2.00270009,,,,,,,,,,,1.721199989,,,0.877799988,1.100000024,,,1.100000024,,,0.980000019,,,,,,0.5,,,0.7,,0.7,0.6,0.6,0.6,0.66,0.61,,0.62,0.58,0.26,0.44,,,,
Guam,GUM,"Hospital beds (per 1,000 people)",SH.MED.BEDS.ZS,,,,,,,,,,,,,,,,,,,,,,,,,,,,,,,,,,,,,,,,,,,,,,,,,,,,,,,,,,,,,,
Guyana,GUY,"Hospital beds (per 1,000 people)",SH.MED.BEDS.ZS,5.574692249,,,,,,,,,,4.763000011,,,,,4.972799778,,,,,,,,,,3.492000103,,,,,,,,3.099999905,,3.1,3.869999886,,,,,2.9,,,,2.8,2.5,1.9,,2,,,,,1.72,,1.71,,,,,
High income,HIC,"Hospital beds (per 1,000 people)",SH.MED.BEDS.ZS,8.886315832,,,,,,,,,,9.092200708,,,,,,,,,,8.407981987,,,,,8.19327731,,,,,6.355595077,6.538884604,6.205630613,7.224705101,7.268591702,7.084637182,6.856239494,6.725057455,6.69035803,6.561986322,6.136337292,6.097653229,5.987865548,5.902283826,5.844668948,5.740631181,5.684848312,5.666979573,5.590792892,5.523069208,5.442425812,5.395294201,5.397843189,5.343039712,5.337838519,5.265516856,5.240398995,5.282011091,,,,
"Hong Kong SAR, China",HKG,"Hospital beds (per 1,000 people)",SH.MED.BEDS.ZS,2.640339375,,,,,,,,,,4.178299904,,,,,5.04129982,,,,,4.020999908,4.109799862,,,,4.890900135,,,,,,,,,,,,,,,,,,,,,,,,,,,,,,,,,,,,
Honduras,HND,"Hospital beds (per 1,000 people)",SH.MED.BEDS.ZS,1.646251321,,,,,,,,,,1.753100038,,,,,1.703699946,,,,,1.324100018,,,,,1.309499979,,,,,1.006700039,,,0.800000012,,,1.059999943,,,,,,1,,,,,,0.7,0.8,0.8,0.62,0.62,0.65,0.63,0.66,0.64,0.64,,,,
Heavily indebted poor countries (HIPC),HPC,"Hospital beds (per 1,000 people)",SH.MED.BEDS.ZS,1.516544139,,,,,,,,,,1.421510336,,,,,1.523001741,,,,,,,,,,,,,,,0.997742446,,,,,,,,,,,,,,,,0.747379659,,,,,,,,,,,,,,,
Croatia,HRV,"Hospital beds (per 1,000 people)",SH.MED.BEDS.ZS,,,,,,,,,,,,,,,,,,,,,7.234799862,7.308100224,7.423500061,7.465199947,7.44659996,7.454299927,7.402599812,7.422500134,7.441699982,7.393000126,7.377799988,6.520100117,6.210100174,6.071199894,5.909500122,5.75,6.190000057,6.010000229,6.059999943,5.929999828,6.15,6,5.67,5.61,5.53,5.45,5.62,5.65,5.63,5.53,5.78,5.84,5.89,5.86,5.91,5.56,5.49,5.54,,,,
Haiti,HTI,"Hospital beds (per 1,000 people)",SH.MED.BEDS.ZS,0.608832836,,,,,,,,,,0.784300029,,,,,0.776000023,,,,,0.740499973,,,,,0.723100007,,,,,0.755599976,,,0.799099982,,,0.709999979,,,,0.7,,,,,,,1.3,,,,,,0.71,,,,,,,,
Hungary,HUN,"Hospital beds (per 1,000 people)",SH.MED.BEDS.ZS,,,,,,,,,,,,,,,,,,,,,,,,,,,,,,,,,,,9.300000191,8.800000191,8.800000191,8,8.100000382,8.100000382,8.16,7.92,7.91,7.9,7.89,7.91,7.98,7.19,7.11,7.14,7.18,7.19,7,7.04,6.98,6.99,7,7.02,7.01,,,
IBRD only,IBD,"Hospital beds (per 1,000 people)",SH.MED.BEDS.ZS,,,,,,,,,,,1.541898709,,,,,1.616360233,,,,,2.279080025,2.227278976,,,,2.866511115,,3.061597766,,,3.486727608,2.79864237,,,,,,,,,2.188064909,2.064240581,1.991806995,2.158528733,,2.078386556,2.044219945,2.014622668,2.053643104,2.013391455,2.09202041,2.132781986,2.213136796,2.306676314,2.358177668,2.353332205,2.386304707,2.50845111,,,,
IDA & IBRD total,IBT,"Hospital beds (per 1,000 people)",SH.MED.BEDS.ZS,,,,,,,,,,,1.438281005,,,,,1.545581844,,,,,2.105664707,,,,,2.820941439,,,,,3.00604481,2.686087799,,,,,,,,,2.078327617,1.937204514,1.865263205,2.092387082,,1.910777788,1.923028318,1.952935468,1.940306325,1.933801201,1.960341067,2.06251851,2.1057132,2.200610859,2.255965687,2.124366054,2.196829671,2.339287184,,,,
IDA total,IDA,"Hospital beds (per 1,000 people)",SH.MED.BEDS.ZS,1.092893013,,,,,,,,,,0.982858978,,,,,,,,,,1.167711072,,,,,,,,,,1.392479443,,,,,,,,,,,,,,,,,,,,,,,,,,,,,,,
IDA blend,IDB,"Hospital beds (per 1,000 people)",SH.MED.BEDS.ZS,0.790656918,,,,,,,,,,0.939567347,,,,,0.893340706,,,,,1.668068209,,,,,,,,,,2.120559963,,,,,,,,,,1.294029955,,,,1.022926209,,,,,,,,,,,,,,,,,
Indonesia,IDN,"Hospital beds (per 1,000 people)",SH.MED.BEDS.ZS,0.740457058,,,,,,,,,,0.654600024,,,,,0.818300009,,,,,,,,,,0.556800008,,,,0.702600002,0.665199995,0.668600023,0.665000022,0.657599986,0.660099983,,,,0.6,,,,0.6,,,,,,,0.59,0.57,0.62,0.83,0.99,0.94,0.98,0.99,1.04,,,,
IDA only,IDX,"Hospital beds (per 1,000 people)",SH.MED.BEDS.ZS,1.258641196,,,,,,,,,,1.002929193,,,,,,,,,,,,,,,,,,,,0.974968521,,,,,,,,,,,,,,,,,,,,,,,,,,,,,,,
Isle of Man,IMN,"Hospital beds (per 1,000 people)",SH.MED.BEDS.ZS,1.84498373,,,,,,,,,,1.913231332,,,,,,,,,,1.756156595,1.754112095,,,,,,,,,1.752238331,,,,,,,,,,,,,,,1.769394617,1.584743259,,,1.584279384,,,,,,,,,,,,
India,IND,"Hospital beds (per 1,000 people)",SH.MED.BEDS.ZS,0.458986908,,,,,,,,,,0.604499996,,,,,0.588199973,,,,,0.769699991,0.769400001,,,,0.769200027,,0.718200028,,,,0.787000001,,,,,,,,,0.65,0.64,0.63,0.899999976,,0.41,0.42,0.41,0.41,0.44,0.47,0.63,0.49,0.49,0.52,0.58,0.48,0.53,,,,
Not classified,INX,"Hospital beds (per 1,000 people)",SH.MED.BEDS.ZS,,,,,,,,,,,,,,,,,,,,,,,,,,,,,,,,,,,,,,,,,,,,,,,,,,,,,,,,,,,,,,
Ireland,IRL,"Hospital beds (per 1,000 people)",SH.MED.BEDS.ZS,,,,,,,,,,,,,,,,,,,,,9,9,8.800000191,8.600000381,8.399999619,8.199999809,7.900000095,7.199999809,6.400000095,6.199999809,6.099999905,6,5.699999809,5.5,5.300000191,5.199999809,5.099999905,4.900000095,4.800000191,4.699999809,6.13,5.86,5.78,5.67,5.64,5.46,5.26,5.1,4.85,2.83,2.73,2.62,2.54,2.56,2.57,2.92,2.96,2.97,2.97,,,
"Iran, Islamic Rep.",IRN,"Hospital beds (per 1,000 people)",SH.MED.BEDS.ZS,0.925675035,,,,,,,,,,1.379600048,,,,,,,,,,1.480599999,1.515599966,,,,,,1.510499954,1.483700037,,1.433099985,,,,,,1.600000024,,,,1.59,1.59,1.63,1.63,1.63,1.72,1.72,1.72,1.38,1.38,1.74,1.74,1.5,1.5,1.5,1.5,1.7,1.56,,,,
Iraq,IRQ,"Hospital beds (per 1,000 people)",SH.MED.BEDS.ZS,1.858039975,,,,,,,,,,1.950999975,,,,,,,,,,1.946400046,1.893100023,,,,,,,,1.71389997,1.65960002,,,,,,,,1.450000048,,1.2,1.3,1.27,1.31,1.33,1.3,1.3,1.33,1.26,1.27,1.3,1.3,1.3,1.3,1.38,1.38,1.3,1.32,,,,
Iceland,ISL,"Hospital beds (per 1,000 people)",SH.MED.BEDS.ZS,9.800000191,,,,,,,,,,12.89999962,,,,,,,,,,14.80000019,,,,,15.80000019,,,,,16.70000076,16.29999924,15.89999962,14.80000019,14.69999981,14.60000038,,,,,,,7.5,,,,5.3391,4.12,3.91,3.7,3.58,3.29,3.25,3.22,3.16,3.12,3.13,3.06,2.87,2.83,,
Israel,ISR,"Hospital beds (per 1,000 people)",SH.MED.BEDS.ZS,6.73793745,,,,,,,,,,,,,,,8.079299927,,,,,6.797399998,6.729400158,6.766600132,6.543499947,6.496600151,6.509500027,6.380199909,6.289899826,6.316899776,6.283699989,6.243199825,5.96999979,5.989500046,6.077899933,6.101200104,5.980000019,6.03000021,6.050000191,6.099999905,6.119999886,3.85,3.86,3.81,3.86,3.8,3.73,3.4,3.35,3.3,3.19,3.16,3.14,3.1,3.09,3.08,3.03,2.99,3.02,2.98,,,
Italy,ITA,"Hospital beds (per 1,000 people)",SH.MED.BEDS.ZS,8.899999619,9,9.199999809,9.300000191,9.5,9.600000381,9.699999809,9.899999619,10.10000038,10.30000019,10.60000038,10.60000038,10.60000038,10.5,10.60000038,10.60000038,10.39999962,10.30000019,10,9.800000191,9.600000381,9.399999619,9.100000381,8.899999619,8.5,8.300000191,8,7.800000191,7.5,7.099999905,7.199999809,6.800000191,6.900000095,6.699999809,6.599999905,6.300000191,6.5,5.900000095,5.5,4.900000095,4.71,4.61,4.44,4.18,4.02,4.04,3.99,3.91,3.79,3.69,3.64,3.52,3.42,3.31,3.21,3.2,3.17,3.18,3.14,,,
Jamaica,JAM,"Hospital beds (per 1,000 people)",SH.MED.BEDS.ZS,4.145488262,,,,,,,,,,4.104899883,,,,,4.999499798,,,,,,,,,,3.333300114,,,,2.400099993,2.200000048,,,2.100300074,,2.1,2.119999886,,,,,1.5,1.5,1.399999976,1.8,1.7,2,1.7,,1.7,1.76,,1.67,1.66,,1.69,1.78,1.72,,,,
Jordan,JOR,"Hospital beds (per 1,000 people)",SH.MED.BEDS.ZS,3.605450153,,,,,,,,,,1.128000021,,,,,1.026000023,,,,,1.257699966,1.20630002,,,,1.205500007,,,,,1.797799945,,,,1.630200028,,,1.799999952,,,1.7,1.7,1.7,1.7,1.7,1.7,1.9,1.9,1.8,1.8,1.8,1.8,1.8,1.8,1.89,1.38,1.4,1.47,,,,
Japan,JPN,"Hospital beds (per 1,000 people)",SH.MED.BEDS.ZS,9,,,,,,,,,,12.5,,,,,,,,,,13.69999981,,,,,14.69999981,,,,,,,,15.60000038,15.5,15.39999962,15.19999981,15.10000038,15,14.80000019,14.69,14.58,14.43,14.26,14.2,14.08,13.97,13.87,13.71,13.62,13.51,13.4,13.35,13.3,13.21,13.17,13.11,13.05,12.98,,,
Kazakhstan,KAZ,"Hospital beds (per 1,000 people)",SH.MED.BEDS.ZS,,,,,,,,,,,,,,,,,,,,,13.0934,13.22910023,13.3114996,13.36940002,13.51239967,13.58570004,13.56070042,13.55609989,13.54419994,13.63000011,13.66609955,13.70899963,13.46189976,13.16650009,12.14470005,11.64999962,10.32999992,8.449999809,8.18999958,7.25,7.19,6.97,7.02,7.7,7.77,7.76,7.78,7.72,7.71,7.61,7.29,7.11,7.01,6.72,6.06,,,,,,,
Kenya,KEN,"Hospital beds (per 1,000 people)",SH.MED.BEDS.ZS,1.250480056,,,,,,,,,,1.264299989,,,,,1.25,,,,,,,,,,1.707100034,,,,1.436200023,1.647199988,,,,,,,,,,,,1.9,,1.4,,1.4,,,,1.4,,,,,,,,,,,
Kyrgyz Republic,KGZ,"Hospital beds (per 1,000 people)",SH.MED.BEDS.ZS,,,,,,,,,,,,,,,,,,,,,12.01140022,12.11849976,12.10330009,11.9364996,11.97710037,12.03040028,12.0309,12.0642004,11.94740009,11.97200012,11.97729969,12.05799961,11.93200016,10.74559975,9.60529995,8.640000343,8.409999847,8.600000382,8.300000191,7.46999979,7.04,6.15,5.53,5.31,5.14,5.12,5.09,5.06,5.01,4.83,4.76,4.7,4.64,4.51,4.41,,,,,,,
Cambodia,KHM,"Hospital beds (per 1,000 people)",SH.MED.BEDS.ZS,0.746548891,,,,,,,,,,1.08099997,,,,,,,,,,,,,,,,,,2.098700047,,2.072099924,,,,,,,,,,,0.6,,,0.1,,,,,,0.84,0.7,,0.7,,0.8,0.9,,,,,
Kiribati,KIR,"Hospital beds (per 1,000 people)",SH.MED.BEDS.ZS,6.363636494,,,,,,,,,,12.33129978,,,,,,,,,,5.09469986,4.768300056,,,,,,,,,4.271800041,,,,,,,,1.799999952,,,,,,1.5,1.51,,,,1.5,1.4,1.3,,,,1.9,1.86,,,,,
St. Kitts and Nevis,KNA,"Hospital beds (per 1,000 people)",SH.MED.BEDS.ZS,3.862745047,,,,,,,,,,5.946499825,,,,,,,,,,8.536000252,,,,,,,,,,9.199999809,,,,,6.4,6.360000134,,,,,4.3,5.5,5.5,6,5.7,,,5.5,6,4.8,4.8,2.3,,,,,,,,,
"Korea, Rep.",KOR,"Hospital beds (per 1,000 people)",SH.MED.BEDS.ZS,,,,,,,,,,,,,,,,,,,,,1.700000048,,,,,2.400000095,,,,3,3.099999905,3.299999952,3.5,3.700000048,4.099999905,4.400000095,4.599999905,4.800000191,5.099999905,5.599999905,4.65,4.45,4.83,5.09,5.42,5.9,6.48,7.24,7.73,8.19,8.74,9.53,10.25,10.92,11.59,11.61,11.98,12.27,12.43,,,
Kuwait,KWT,"Hospital beds (per 1,000 people)",SH.MED.BEDS.ZS,6.798561096,,,,,,,,,,4.834700108,,,,,,,,,,4.14470005,,,,,,,,,2.985399961,,,,,,,,2.759999991,,,2.4,2.3,2.2,2.2,2.1,1.9,1.9,1.9,1.8,1.8,2,1.85,2.2,2.2,2.04,2.04,2.04,2.04,,,,
Latin America & Caribbean (excluding high income),LAC,"Hospital beds (per 1,000 people)",SH.MED.BEDS.ZS,3.364777964,,,,,,,,,,3.403341147,,,,,,,,,,,,,,,,,,,,2.426697515,,,2.523645209,,,2.251838712,,,,2.357636141,,1.924092775,1.847474173,,2.179276673,1.8641924,1.751451731,1.84966669,1.862975864,2.020569065,1.955526504,1.953173312,1.979151208,1.959057662,1.92858744,1.906064571,1.939187472,,,,
Lao PDR,LAO,"Hospital beds (per 1,000 people)",SH.MED.BEDS.ZS,0.472209454,,,,,,,,,,0.927399993,,,,,,,,,,,,,,,,,,,,2.5697999,,,,,,,,,,,,0.9,,,1.2,,,,,0.7,,1.5,,,,,,,,,
Lebanon,LBN,"Hospital beds (per 1,000 people)",SH.MED.BEDS.ZS,4.581339359,,,,,,,,,,4.098700047,,,,,,,,,,,,,,,,,,,,1.650599957,,3.082700014,,,,,2.700000048,,,3.07,3,3,3,3,3.6,3.6,3.43,3.43,3.45,3.45,3.45,3.45,2.86,2.85,3.37,2.73,2.73,,,,
Liberia,LBR,"Hospital beds (per 1,000 people)",SH.MED.BEDS.ZS,1.322425365,,,,,,,,,,1.576900005,,,,,1.646999955,,,,,,,,,,,,,,,,,,,,,,,,,,,,,,,,,,0.7,0.8,,,,,,,,,,,
Libya,LBY,"Hospital beds (per 1,000 people)",SH.MED.BEDS.ZS,2.755374432,,,,,,,,,,3.813699961,,,,,,,,,,,4.825500011,,,,,,,,,4.172999859,,,,,,,4.300000191,,,4.12,3.85,3.9,3.9,3.9,3.4,3.7,3.7,3.7,3.7,3.7,3.7,3.7,3.7,3.7,3.7,3.7,3.2,,,,
St. Lucia,LCA,"Hospital beds (per 1,000 people)",SH.MED.BEDS.ZS,4.280425549,,,,,,,,,,5.049300194,,,,,,,,,,,,,,,,,,,,4,,,4.351799965,,3.3,3.380000114,,,,2.3,,3.200000048,2.9,,3,2.9,2.8,,1.5,,1.46,,1.2,,1.41,,1.3,,,,
Latin America & Caribbean,LCN,"Hospital beds (per 1,000 people)",SH.MED.BEDS.ZS,3.431502905,,,,,,,,,,3.465782138,,,,,,,,,,,,,,,,,,,,2.486210906,,,2.561955541,,,2.266050299,,,,,,,1.826695313,,2.191081358,1.901737966,1.759315794,1.876438519,1.842149717,2.021613322,1.920880576,1.970702981,1.995434178,1.914010394,1.88570182,1.871471245,1.89947764,,,,
Least developed countries: UN classification,LDC,"Hospital beds (per 1,000 people)",SH.MED.BEDS.ZS,1.27201126,,,,,,,,,,0.993757357,,,,,,,,,,,,,,,,,,,,0.731796499,,,,,,,,,,,,,,,,,,,,,,,,,,,,,,,
Low income,LIC,"Hospital beds (per 1,000 people)",SH.MED.BEDS.ZS,1.450089915,,,,,,,,,,1.32061742,,,,,,,,,,,,,,,,,,,,0.850473599,,,,,,,,,,,,,,,,0.702602715,,,,,,,,,,,,,,,
Liechtenstein,LIE,"Hospital beds (per 1,000 people)",SH.MED.BEDS.ZS,,,,,,,,,,,,,,,,,,,,,,,,,,,,,,,,,,,,,,,,,,,,,,,,,,,,,,,,,,,,,,
Sri Lanka,LKA,"Hospital beds (per 1,000 people)",SH.MED.BEDS.ZS,3.138841152,,,,,,,,,,3.016900063,,,,,3.333300114,,,,,2.944000006,2.937599897,,,,,,,,2.403000116,2.743499994,,,,,,,,,2.200000048,2.9,3,3.1,,3.1,,,,,,3.51,,3.6,,,,,4.15,,,,
Lower middle income,LMC,"Hospital beds (per 1,000 people)",SH.MED.BEDS.ZS,0.777925854,,,,,,,,,,0.85754296,,,,,0.838549735,,,,,1.593059578,1.53187361,,,,1.498210175,,,,,,1.432534859,,,,,,,,,1.243231738,1.149894847,1.048665166,,,0.982222942,1.170123868,,1.015511708,1.003139055,1.038954761,0.951345077,0.977848653,0.984805566,0.967465086,0.777222218,0.712292928,0.772082284,,,,
Low & middle income,LMY,"Hospital beds (per 1,000 people)",SH.MED.BEDS.ZS,,,,,,,,,,,1.380934004,,,,,1.545307975,,,,,1.99793797,,,,,2.718826701,,,,,2.93260806,2.598349892,,,,,,,,,2.008544861,1.903033232,1.857507012,2.027513022,,1.847263834,1.861122536,1.8934647,1.88018388,1.881114837,1.973867329,2.017438009,2.111167702,2.147901724,2.215855108,2.081047213,2.154832508,2.298572346,,,,
Lesotho,LSO,"Hospital beds (per 1,000 people)",SH.MED.BEDS.ZS,1.103720427,,,,,,,,,,1.744500041,,,,,1.628399968,,,,,,,,,,,,,,,,,,,,,,,,,,,,,,,1.3,,,,,,,,,,,,,,,
Late-demographic dividend,LTE,"Hospital beds (per 1,000 people)",SH.MED.BEDS.ZS,,,,,,,,,,,1.956403269,,,,,2.236148478,,,,,2.815173944,2.694906107,,,,4.029630012,4.072441189,4.059551402,4.174281267,4.010616342,3.882482686,4.045254731,3.969564369,3.927582202,3.912724094,3.828032611,3.669136135,3.597096529,3.694948562,3.559238769,2.869417577,2.790927815,2.90842245,2.814321685,2.908117168,2.863993294,2.892756819,2.923838129,3.009349233,3.085264908,3.205792483,3.248855885,3.524693834,3.614157028,3.733700194,3.86218269,3.995980501,4.187001981,,,,
Lithuania,LTU,"Hospital beds (per 1,000 people)",SH.MED.BEDS.ZS,,,,,,,,,,,,,,,,,,,,,12.06639957,,,,,12.77600002,12.76920033,12.80290031,12.80539989,12.63580036,12.48719978,12.46539974,12.04539967,11.91059971,11.28380013,11.09000015,10.88000011,10.18999958,10.02999973,9.850000382,8.83,8.33,8.1,7.85,7.57,7.28,7.16,7.19,7.18,7.18,7.16,7.43,7.45,7.31,7.26,6.97,6.69,6.56,6.43,,,
Luxembourg,LUX,"Hospital beds (per 1,000 people)",SH.MED.BEDS.ZS,,,,,,,,,,,,,,,,,,,,,,,,,,,8.100000381,8,7.900000095,7.800000191,7.599999905,7.5,7.300000191,7.400000095,7.199999809,7.099999905,7,6.900000095,6.800000191,6.300000191,6.199999809,6.099999905,6,6,6.39,5.79,5.65,5.67,5.57,5.47,5.37,5.28,5.15,5.17,5.05,4.93,4.81,4.66,4.51,4.26,,
Latvia,LVA,"Hospital beds (per 1,000 people)",SH.MED.BEDS.ZS,,,,,,,,,,,,,,,,,,,,,13.89099979,,,,,14.30860043,14.1928997,14.23900032,14.09490013,14.02350044,14.07540035,13.6218996,12.9406004,12.23149967,12.05519962,11.18999958,10.43999958,9.800000191,9.409999847,9.029999733,8.77,8.28,7.87,7.95,7.91,7.9,7.85,7.83,7.77,6.74,5.68,5.88,5.89,5.8,5.66,5.69,5.72,5.57,5.49,,,
"Macao SAR, China",MAC,"Hospital beds (per 1,000 people)",SH.MED.BEDS.ZS,10.12138653,,,,,,,,,,5.295300007,,,,,,,,,,,,,,,,,,,,,,,,,,,,,,,,,,,,,,,,,,,,,,,,,,,
St. Martin (French part),MAF,"Hospital beds (per 1,000 people)",SH.MED.BEDS.ZS,,,,,,,,,,,,,,,,,,,,,,,,,,,,,,,,,,,,,,,,,,,,,,,,,,,,,,,,,,,,,,
Morocco,MAR,"Hospital beds (per 1,000 people)",SH.MED.BEDS.ZS,1.598400116,,,,,,,,,,1.47420001,,,,,1.428599954,,,,,,1.228199959,,,,1.266899943,,,,,1.289999962,,,,1.112300038,,,0.980000019,,,1.1,0.87,1.09,0.78,0.87,0.87,0.87,0.87,1.1,1.13,1.13,0.85,0.85,0.85,1.1,1.1,1.1,1,,,,
Monaco,MCO,"Hospital beds (per 1,000 people)",SH.MED.BEDS.ZS,,,,,,,,,,,,,,,,,,,,,,,,,,,,,,18.10709953,,,21.67860031,,,19.56999969,,,,,,,,,,,,,,,,16.46,13.8,,,,,,,,,
Moldova,MDA,"Hospital beds (per 1,000 people)",SH.MED.BEDS.ZS,,,,,,,,,,,,,,,,,,,,,12.05480003,12.08209991,12.05109978,12.07979965,12.14350033,12.22049999,12.43550014,12.66759968,12.76369953,12.72749996,13.14780045,13.11620045,12.79030037,12.48270035,12.2215004,12.21000004,12.13000011,11.61999989,11.22999954,8.18999958,7.08,6.9,6.75,6.67,6.41,6.39,6.27,6.12,6.11,6.15,6.18,6.19,6.23,5.83,5.66,,,,,,,
Madagascar,MDG,"Hospital beds (per 1,000 people)",SH.MED.BEDS.ZS,2.406185865,,,,,,,,,,2.790800095,,,,,2.431299925,,,,,,,,,,,,,,,0.93599999,,,,,,,,,,,,0.419999987,,,0.3,,,,,0.2,,,,,,,,,,,
Maldives,MDV,"Hospital beds (per 1,000 people)",SH.MED.BEDS.ZS,,,,,,,,,,,,,,,,,,,,,,,,,,,,,,,0.762799978,,,,,,,,,,1.700000048,,2.26,2.3,,2.6,,,,4.3,,,,,,,,,,,,
Middle East & North Africa,MEA,"Hospital beds (per 1,000 people)",SH.MED.BEDS.ZS,1.933100503,,,,,,,,,,1.898459258,,,,,,,,,,,1.870964598,,,,,,,,,1.891962117,,,,,,,,,,1.766583139,1.815639313,1.76759414,1.764771524,1.778439634,1.788926404,1.814720982,1.774868918,1.717234636,1.625330704,1.708650332,1.363880045,1.313630659,1.313395078,1.604082839,1.617268286,1.585796451,1.54179925,,,,
Mexico,MEX,"Hospital beds (per 1,000 people)",SH.MED.BEDS.ZS,,,,,,,,,,,,,,,,,,,,,0.699999988,,,,,,,,,,1,1.100000024,1.200000048,1.200000048,1.200000048,1.200000048,1.200000048,1.100000024,1.100000024,1.100000024,1.05,1.08,1.09,1.06,1.07,1.05,1.02,1.06,1.03,1.02,1.05,1.04,1.03,1.03,1.03,1,1,0.99,0.98,,,
Marshall Islands,MHL,"Hospital beds (per 1,000 people)",SH.MED.BEDS.ZS,,,,,,,,,,,,,,,,,,,,,,,,,,,,,,,2.272700071,,,,,,,,,2.1,,,,,,,,,,2.7,2.7,,,,,,,,,,,
Middle income,MIC,"Hospital beds (per 1,000 people)",SH.MED.BEDS.ZS,,,,,,,,,,,1.385255699,,,,,1.553120361,,,,,2.037269783,2.010419367,,,,2.719131905,,3.075575039,,,3.079276294,2.615177614,,,,,,,,,2.040259381,1.932781242,1.826471163,2.063994592,,1.915838012,1.954501756,1.931726983,1.947786189,1.920806979,1.972376197,1.978649676,2.081888366,2.185427266,2.199025715,2.168116115,2.184620301,2.356656625,,,,
North Macedonia,MKD,"Hospital beds (per 1,000 people)",SH.MED.BEDS.ZS,,,,,,,,,,,5.450300217,5.443399906,5.494299889,5.402800083,5.464399815,5.444399834,5.310900211,5.269800186,5.173799992,5.243700027,5.198500156,5.181600094,5.364600182,5.338300228,5.402900219,5.511899948,5.499499798,5.433599949,5.474299908,5.499000072,5.947700024,5.78730011,5.696400166,5.600599766,5.550000191,5.409999847,5.199999809,5.159999847,5.150000095,5.099999905,5.06,4.94,4.84,4.81,4.77,4.7,4.63,4.56,4.55,4.48,4.59,4.51,4.4,4.45,4.4,4.39,4.37,4.28,,,,
Mali,MLI,"Hospital beds (per 1,000 people)",SH.MED.BEDS.ZS,0.668505728,,,,,,,,,,0.679099977,,,,,0.714299977,,,,,,,,,,,,,,,,,,,,,,,0.239999995,,,,,,,0.3,,,0.6,,0.1,,,,,,,,,,,
Malta,MLT,"Hospital beds (per 1,000 people)",SH.MED.BEDS.ZS,9.258358955,,,,,,,,,,,,,,,,,,,,,,,,9.463899612,,,9.335300446,9.257300377,9.441100121,,,,5.843200207,5.621099949,5.429999828,5.78000021,5.639999867,5.610000134,5.570000172,5.48,7.57,7.48,7.43,7.46,7.45,7.57,7.85,7.39,4.83,4.52,4.38,4.71,4.78,4.59,4.59,4.67,4.49,,,,
Myanmar,MMR,"Hospital beds (per 1,000 people)",SH.MED.BEDS.ZS,0.663009286,,,,,,,,,,0.858099997,,,,,,,,,,0.85710001,0.857599974,,,,,,,,,0.635800004,,,,,,,,,,0.7,,0.63,,,,0.6,,,,,,0.9,,,,1.04,1.04,,,,
Middle East & North Africa (excluding high income),MNA,"Hospital beds (per 1,000 people)",SH.MED.BEDS.ZS,1.843975803,,,,,,,,,,1.906953147,,,,,,,,,,1.747310525,1.752000484,,,,,,,,,1.749953648,,,,,,,,,,1.641298224,1.616717035,1.648877112,1.643723686,1.672356285,1.673171978,1.711096166,1.673795211,1.610340595,1.516685683,1.613631827,1.238775923,1.179070567,1.162082456,1.501840469,1.540493635,1.484470303,1.429861458,,,,
Montenegro,MNE,"Hospital beds (per 1,000 people)",SH.MED.BEDS.ZS,,,,,,,,,,,,,,,,,,,,,,,,,,,,,,,,,,,,,,,,,4.22,4.25,4.2,4.22,4.21,4.18,4.21,4.05,3.93,3.94,3.98,3.98,3.97,3.89,3.93,3.93,3.93,3.86,,,,
Mongolia,MNG,"Hospital beds (per 1,000 people)",SH.MED.BEDS.ZS,8.681960106,,,,,,,,,,9.495200157,,,,,,,,,,11.19719982,11.02890015,,,,,,,,,,11.48649979,,,,,,,,,,,7.5,,6,,6.4,6.11,,5.9,6,6.75,7,,,7,7,8,,,,
Northern Mariana Islands,MNP,"Hospital beds (per 1,000 people)",SH.MED.BEDS.ZS,,,,,,,,,,,,,,,,,,,,,,,,,,,,,,,,,,,,,,,,,,,,,,,,,,,,,,,,,,,,,,
Mozambique,MOZ,"Hospital beds (per 1,000 people)",SH.MED.BEDS.ZS,0.808872819,,,,,,,,,,1.175199986,,,,,,,,,,1.089699984,,,,,,,,,,0.8671,,,,,,,,,,,,,,,,0.8,0.8,,,,0.7,,,,,,,,,,
Mauritania,MRT,"Hospital beds (per 1,000 people)",SH.MED.BEDS.ZS,0.204843596,,,,,,,,,,0.344000012,,,,,0.344300002,,,,,,,,,0.7676,,,,,,0.665400028,,,,,,,,,,,,,,,,0.4,,,,,,,,,,,,,,,
Mauritius,MUS,"Hospital beds (per 1,000 people)",SH.MED.BEDS.ZS,4.716666698,,,,,,,,,,3.951600075,,,,,3.299700022,,,,,3.122200012,,,,,3.34649992,,,,,,2.886600018,3.135099888,3.094799995,3.074599981,,,,,,,,,,,3,,,3.3,,,3.4,,,,,,,,,,
Malawi,MWI,"Hospital beds (per 1,000 people)",SH.MED.BEDS.ZS,1.118730545,,,,,,,,,,1.538499951,,,,,,,,,,,,,,,,,,,0.841899991,1.550699949,,,,,,,,1.340000033,,,,,,,,,1.1,,,,1.3,,,,,,,,,,
Malaysia,MYS,"Hospital beds (per 1,000 people)",SH.MED.BEDS.ZS,3.728132725,,,,,,,,,,3.469700098,,,,,3.346699953,,,,,,2.278300047,,,,2.557600021,,2.477900028,,2.33949995,2.130599976,2.093899965,2.06069994,2.029500008,2.021500111,2.029999971,2.009999991,,,,,1.8,,,,1.8,1.9,1.76,,1.8,1.8,1.79,1.9,,,1.86,1.62,1.88,,,,
North America,NAC,"Hospital beds (per 1,000 people)",SH.MED.BEDS.ZS,8.929443738,,,,,8.800000191,,,,,7.815222548,7.5,7.400000095,7.199999809,7.099999905,6.800000191,6.629131952,6.448625632,6.268036196,6.167966376,6.077907708,5.997606426,5.988033304,5.897880275,5.807743935,5.627365699,5.527446049,5.33777554,5.238259129,5.12937018,5.009840327,4.899770946,4.689629463,4.589452369,4.300000191,4.189221283,3.969789279,3.859305208,3.749271706,3.629473643,3.517463818,3.491597524,3.414577999,3.346719353,3.277704048,3.1901624,3.164253299,3.122281754,3.102404212,3.052338194,3.02325819,2.953124311,2.916058221,2.873015171,2.813975102,2.781970348,2.752909428,2.835644176,,,,
Namibia,NAM,"Hospital beds (per 1,000 people)",SH.MED.BEDS.ZS,,,,,,,,,,,,,,,,,,,,,,,,,,,,,,,,,,,,,,,,,,,,,,,3.3,,,2.7,,,,,,,,,,,,
New Caledonia,NCL,"Hospital beds (per 1,000 people)",SH.MED.BEDS.ZS,,,,,,,,,,,,,,,,,,,,,,,,,,,,,,,,,,,,,,,,,,,,,,,,,,,,,,,,,,,,,,
Niger,NER,"Hospital beds (per 1,000 people)",SH.MED.BEDS.ZS,0.409490883,,,,,,,,,,0.494700015,,,,,0.495299995,,,,,,,,,,,,0.543900013,,,,,,,0.194600001,0.119999997,0.119999997,0.180000007,0.119999997,,,,,,,0.3,,,,,0.35,,,,,0.31,,0.39,,,,
Nigeria,NGA,"Hospital beds (per 1,000 people)",SH.MED.BEDS.ZS,0.418167114,,,,,,,,,,0.559800029,,,,,0.555800021,,,,,0.86619997,,,,,,,,6.370299816,,1.668200016,,,,,,,,,,1.2,,,,0.5,,,,,,,,,,,,,,,,,
Nicaragua,NIC,"Hospital beds (per 1,000 people)",SH.MED.BEDS.ZS,2.158236027,,,,,,,,,,2.280299902,,,,,2.411900043,,,,,,,,,,2.405999899,,,,1.826900005,1.82130003,,,1.799999952,,,1.480000019,,,,,,,0.899999976,0.9,0.9,1,0.9,0.9,,0.8,1.14,0.96,0.95,0.93,0.93,0.93,0.93,,,,
Netherlands,NLD,"Hospital beds (per 1,000 people)",SH.MED.BEDS.ZS,,,,,,,,,,,,,,,,,,,,,,,,,,,,,,,5.800000191,5.699999809,5.699999809,5.599999905,5.400000095,5.300000191,5.199999809,5.199999809,5.099999905,5,4.92,4.75,4.69,4.58,4.56,4.5,4.34,4.31,4.27,4.2,4.05,3.84,3.75,3.61,,3.49,3.41,3.28,3.17,,,
Norway,NOR,"Hospital beds (per 1,000 people)",SH.MED.BEDS.ZS,,,,,,,,,,,,,,,,,,,,,,,,,,,5.900000095,5.699999809,5.300000191,4.800000191,4.599999905,4.400000095,4.300000191,4.199999809,4.099999905,4,4,4,4,3.900000095,3.8,3.82,4.99,4.99,5.25,5.16,5.03,4.86,4.64,4.52,4.3,4.19,3.97,3.86,3.84,3.76,3.68,3.6,3.53,,,
Nepal,NPL,"Hospital beds (per 1,000 people)",SH.MED.BEDS.ZS,0.115763798,,,,,,,,,,0.135299996,,,,,0.137700006,,,,,0.175600007,,,,,0.180199996,,0.226999998,0.239800006,0.244299993,0.243599996,0.237200007,0.242599994,0.238700002,0.232299998,0.170000002,0.159999996,0.170000002,,0.200000003,,0.2,0.15,,,,5,,,,,,0.3,,,,,,,,,
Nauru,NRU,"Hospital beds (per 1,000 people)",SH.MED.BEDS.ZS,,,,,,,,,,,,,,,,,,,,,,,,,,,,,,,,,,,,,,,,,,,,,3.5,,,3.5,,,5,,,,,,,,,,,
New Zealand,NZL,"Hospital beds (per 1,000 people)",SH.MED.BEDS.ZS,11.69999981,,,,,,,,,,10.80000019,,,,,,,,,,10.19999981,,,,,9.5,,,,,8.5,7.400000095,7.099999905,6.5,6.699999809,6.199999809,6.099999905,6.099999905,6.199999809,,,,6.2,,,,,,,2.41,2.75,2.82,2.83,2.78,2.76,2.72,2.74,2.73,2.62,2.57,,
OECD members,OED,"Hospital beds (per 1,000 people)",SH.MED.BEDS.ZS,8.567009171,,,,,,,,,,8.671752816,,,,,,,,,,7.552923811,,,,,7.987825656,,,,,5.554454152,5.792537866,5.522542194,6.39422668,6.532900834,6.313584196,6.004021623,6.074067338,5.959254383,5.849652423,5.538704067,5.480306448,5.437646057,5.239939289,5.177617112,5.245567154,5.048414719,5.032154623,5.114319561,5.050670624,4.880479904,4.84210752,4.828768129,4.792103588,4.780474273,4.722210966,4.701222734,4.719067234,5.043349805,,,
Oman,OMN,"Hospital beds (per 1,000 people)",SH.MED.BEDS.ZS,0.335125446,,,,,,,,,,,,,,,,,,,,1.620300055,1.607599974,,,,,,,,2.507200003,2.108799934,,,,,,,,2.200000048,,2.18,2.1,2.04,2.04,2.2,2.1,2.1,2.02,2.02,1.9,1.77,1.77,1.65,1.71,1.58,1.56,1.49,1.47,,,,
Other small states,OSS,"Hospital beds (per 1,000 people)",SH.MED.BEDS.ZS,,,,,,,,,,,,,,,,,,,,,,,,,,,,,,,,,,,,,,,,,,,,,,,,,,,,,,,,,,,,,,
Pakistan,PAK,"Hospital beds (per 1,000 people)",SH.MED.BEDS.ZS,0.557261586,,,,,,,,,,0.520799994,,,,,0.526300013,,,,,0.573099971,0.569299996,,,,,0.5995,,,0.604300022,0.639999986,0.652199984,0.644699991,0.651499987,,,,,,,0.67,0.66,0.69,0.68,0.68,0.7,1.25,1,0.6,0.6,0.6,0.6,0.6,0.6,0.6,0.6,0.63,0.63,,,,
Panama,PAN,"Hospital beds (per 1,000 people)",SH.MED.BEDS.ZS,3.775310755,,,,,,,,,,2.974100113,,,,,3.381700039,,,,,,,,,,3.353300095,,,,,2.5,,,2.700000048,,,2.210000038,,,,,,2.5,,2.4,2.2,2.3,2.3,2.3,2.3,2.3,2.27,2.33,2.3,2.24,2.29,2.25,,,,,
Peru,PER,"Hospital beds (per 1,000 people)",SH.MED.BEDS.ZS,2.411438942,,,,,,,,,,2.172800064,,,,,2.5,,,,,,,,,,1.684499979,,,,,1.413200021,,1.5,1.299999952,1.35710001,,1.470000029,,,,,,,1.399999976,0.9,,,1.2,1.5,1.6,1.5,1.53,1.52,1.51,1.56,1.55,1.59,1.59,,,,
Philippines,PHL,"Hospital beds (per 1,000 people)",SH.MED.BEDS.ZS,0.838957667,,,,,,,,,,1.189800024,,,,,1.709499955,1.709400058,,,,1.708899975,,1.713500023,1.714699984,1.715299964,1.755699992,1.71420002,,,,1.391899943,1.274500012,1.370100021,1.071099997,,,,,,,,1,0.5,,,,1.07,1.05,1.04,1.06,1.06,1.07,1.05,0.99,0.99,,,,,,,
Palau,PLW,"Hospital beds (per 1,000 people)",SH.MED.BEDS.ZS,,,,,,,,,,,,,,,,,,,,,,,,,,,,,,,,,,,,,,,4.4,,,,,,,,5.9,5,,4.9,4.8,,,,,,,,,,,
Papua New Guinea,PNG,"Hospital beds (per 1,000 people)",SH.MED.BEDS.ZS,,,,,,,,,,,6.602399826,,,,,4.943200111,,,,,5.544400215,,,,4.998300076,4.7354002,,,,3.329900026,4.024199963,,,,,,,,,,,,,,,,,,,,,,,,,,,,,,,
Poland,POL,"Hospital beds (per 1,000 people)",SH.MED.BEDS.ZS,4.599999905,,,,,,,,,,5.199999809,,,,,,,,,,5.599999905,,,,,5.699999809,,,,,5.699999809,5.699999809,5.599999905,5.599999905,5.599999905,5.5,5.5,5.400000095,5.300000191,5.099999905,4.900000095,,5.599999905,6.68,6.67,6.52,6.47,6.42,6.62,6.65,6.61,6.63,6.63,6.61,6.63,6.63,6.64,6.62,6.54,,,
Pre-demographic dividend,PRE,"Hospital beds (per 1,000 people)",SH.MED.BEDS.ZS,1.421863342,,,,,,,,,,1.368628025,,,,,,,,,,,,,,,,,,,,1.329341861,,,,,,,,,,,,,,,,,,,,,,,,,,,,,,,
Puerto Rico,PRI,"Hospital beds (per 1,000 people)",SH.MED.BEDS.ZS,,,,,,,,,,,,,,,,,,,,,,,,,,,,,,,,,,,,,3.319999933,,,,,,,,,,,,,,,,,,,,,,,,,
"Korea, Dem. People's Rep.",PRK,"Hospital beds (per 1,000 people)",SH.MED.BEDS.ZS,,,,,,,,,,,,,,,,,,,,,,,,,,,,,,,,,,,,,,,,,,,13.2,,,,,,,,14.3,,13.2,,,,,,,,,
Portugal,PRT,"Hospital beds (per 1,000 people)",SH.MED.BEDS.ZS,,,,,,,,,,,,,,,,,,,,,,,,,,4,4,4,4,4.099999905,4.099999905,4.099999905,4,3.900000095,3.900000095,3.900000095,4,3.900000095,3.900000095,3.799999952,3.71,3.65,3.57,3.58,3.59,3.56,3.48,3.44,3.39,3.37,3.37,3.37,3.41,3.39,3.32,3.37,3.39,3.39,3.45,,,
Paraguay,PRY,"Hospital beds (per 1,000 people)",SH.MED.BEDS.ZS,2.389250755,,,,,,,,,,1.629400015,,,,,1.682999969,,,,,,,,,,,,,,1.32009995,0.932200015,,,1.299999952,0.600899994,,1.340000033,,,,,,1.200000048,,,1.2,1.3,1.3,1.3,1.3,1.3,1.36,,,0.83,0.78,0.83,,,,,
West Bank and Gaza,PSE,"Hospital beds (per 1,000 people)",SH.MED.BEDS.ZS,,,,,,,,,,,,,,,,,,,,,,,,,,,,,,,,,,,,,1.200000048,,,,,,,,,,,,,,,,,,,,,,,,,
Pacific island small states,PSS,"Hospital beds (per 1,000 people)",SH.MED.BEDS.ZS,4.779783746,,,,,,,,,,4.890245819,,,,,,,,,,3.611914833,3.704009714,,,,,,,,,,,,,,,,,,,,,,,,2.07690501,,,,,,1.938149437,,,,,,,,,,
Post-demographic dividend,PST,"Hospital beds (per 1,000 people)",SH.MED.BEDS.ZS,9.287759732,,,,,,,,,,9.438005207,,,,,,,,,,8.971214748,,,,,8.683819918,,,,,7.024264821,7.03887803,6.739030045,7.762255477,7.742165929,7.489040283,7.280978187,7.087734258,6.92194942,6.779601584,6.516953583,6.410207132,6.342793938,6.214374844,6.160445273,6.067664998,6.020118251,6.024424093,5.943108023,5.918331896,5.868139079,5.793449236,5.801477773,5.734348869,5.681040966,5.481864457,5.454431924,5.501571655,,,,
French Polynesia,PYF,"Hospital beds (per 1,000 people)",SH.MED.BEDS.ZS,,,,,,,,,,,,,,,,,,,,,,,,,,,,,,,,,,,,,,,,,,,,,,,,,,,,,,,,,,,,,,
Qatar,QAT,"Hospital beds (per 1,000 people)",SH.MED.BEDS.ZS,,,,,,,,,,,5.531499863,,,,,,,,,,,2.939599991,,,,,,,,2.300299883,,,,,,,,1.649999976,,,2.36,2.42,2.36,2.36,2.36,2.43,2.52,2.52,2.52,1.4,1.23,1.2,1.2,1.4,1.2,1.2,1.2,1.25,,,,
Romania,ROU,"Hospital beds (per 1,000 people)",SH.MED.BEDS.ZS,7.273270607,,,,,,,,,,,,,,,,,,,,8.776200294,8.775099754,8.810700417,,8.895799637,8.940400124,8.94659996,8.950200081,8.942199707,8.93710041,8.919899941,8.922100067,7.862100124,7.869900227,7.69449997,7.639999867,7.559999943,7.380000114,7.309999943,7.309999943,7.7,7.74,7.67,6.75,6.74,6.78,6.74,6.54,6.57,6.62,6.28,6.31,6.6,6.67,6.71,6.79,6.84,6.89,,,,
Russian Federation,RUS,"Hospital beds (per 1,000 people)",SH.MED.BEDS.ZS,,,,,,,,,,,,,,,,,,,,,,,,,,12.98159981,13.04629993,13.11760044,13.17520046,13.18620014,13.05529976,12.70199966,12.23429966,12.19589996,11.96119976,11.86999989,11.63000011,11.34000015,11.10999966,10.85000038,11.4,11.33,11.15,11.04,11.13,11.01,10.9,10.71,9.85,9.68,9.41,9.42,9.3,9.07,8.81,8.35,8.16,8.05,7.12,,,
Rwanda,RWA,"Hospital beds (per 1,000 people)",SH.MED.BEDS.ZS,,,,,,,,,,,1.253999949,,,,,1.242599964,,,,,1.527999997,1.478099942,,,,,,,,0.867900014,1.65199995,,,,,,,,,,,,,,1.7,,1.6,1.6,,,,,,,,,,,,,,
South Asia,SAS,"Hospital beds (per 1,000 people)",SH.MED.BEDS.ZS,0.506308437,,,,,,,,,,0.585141601,,,,,0.62665707,,,,,0.729453383,0.731848932,,,,0.7090829,,0.702410166,,,,0.719413739,,,,,,,,,0.680770275,0.631377634,0.630986546,0.86481914,,0.431827838,0.605414027,0.482038664,0.433492547,0.460309627,0.527241767,0.620773106,0.542937461,0.504843047,0.53627262,0.598188007,0.526601726,0.588178085,,,,
Saudi Arabia,SAU,"Hospital beds (per 1,000 people)",SH.MED.BEDS.ZS,0.774723947,,,,,,,,,,1.181399941,,,,,,,,,,,1.458199978,,,,,,,,,2.496400118,,,,,,,2.299999952,,,2.3,3.23,2.24,2.24,2.24,2.25,2.3,2.2,2.21,2.17,2.2,2.14,2.09,2.2,2.65,2.2,2.23,2.24,,,,
Sudan,SDN,"Hospital beds (per 1,000 people)",SH.MED.BEDS.ZS,1.006500959,,,,,,,,,,1.042600036,,,,,0.993200004,,,,,0.890699983,0.870199978,,,,,,,,,1.088000059,,,,,,,,,,0.81,0.74,0.73,0.73,0.71,0.72,0.73,0.73,0.73,0.73,0.72,0.84,0.82,0.82,8.01,0.67,6.74,0.74,,,,
Senegal,SEN,"Hospital beds (per 1,000 people)",SH.MED.BEDS.ZS,1.313147187,,,,,,,,,,1.298499942,,,,,1.290099978,,,,,,,,,,,,,,0.523999989,0.729600012,,,,0.247500002,,0.449999988,,0.400000006,,,,,,,,,0.1,0.3,,,,,,,,,,,,,
Singapore,SGP,"Hospital beds (per 1,000 people)",SH.MED.BEDS.ZS,4.392466545,,,,,,,,,,3.698299885,,,,,3.333300114,,,,,3.956500053,3.907999992,,,,,,,,,3.607800007,3.547199965,3.451400042,3.642699957,3.56520009,,,,,,,2.900000095,,2.8,,3.2,3.2,3.22,3.1,,,2,,2.19,2.24,2.4,2.48,2.49,,,,
Solomon Islands,SLB,"Hospital beds (per 1,000 people)",SH.MED.BEDS.ZS,7.330508709,,,,,,,,,,7.341599941,,,,,,,,,,,5.682899952,,,,,,,,,0.828100026,,2.748100042,,,,,,,,,,,2.2,,1.4,,,,,,1.66,1.4,,,,,,,,,
Sierra Leone,SLE,"Hospital beds (per 1,000 people)",SH.MED.BEDS.ZS,0.772869229,,,,,,,,,,0.925499976,,,,,0.906899989,,,,,1.21449995,,,,,,,,,,,,,,,,,,,,,,,,,,0.4,,,,,,,,,,,,,,,
El Salvador,SLV,"Hospital beds (per 1,000 people)",SH.MED.BEDS.ZS,2.183475494,,,,,,,,,,1.902400017,,,,,1.985000014,,,,,,,,,,,,,,,1.471099973,,,1.5,,,1.649999976,,,,,,,,,0.9,0.9,0.7,0.8,1.1,1,1.03,1.07,1.07,1.35,1.02,1.06,1.2,,,,
San Marino,SMR,"Hospital beds (per 1,000 people)",SH.MED.BEDS.ZS,,,,,,,,,,,,,,,,,,,,,6.671999931,,,,6.820000172,6.768000126,6.699999809,6.65899992,7.657000065,7.445000172,7.159999847,,,,,,,,,,,,,,,,,,,,,3.85,3.8,,,,,,,,,
Somalia,SOM,"Hospital beds (per 1,000 people)",SH.MED.BEDS.ZS,1.355319142,,,,,,,,,,1.355700016,,,,,1.422000051,,,,,,,,,,,,,0.906300008,,0.753499985,,,,,,,0.400000006,,,0.42,0.42,0.42,0.42,0.42,,,,,,,,,0.87,0.87,0.87,0.87,0.87,,,,
Serbia,SRB,"Hospital beds (per 1,000 people)",SH.MED.BEDS.ZS,,,,,,,,,,,,,,,,,,,,,,,,,,,,,,,,,,,,,,,,,,,,,,5.9,5.54,5.35,5.34,5.35,5.4,5.43,5.44,5.5,5.52,5.58,5.59,5.61,,,,
Sub-Saharan Africa (excluding high income),SSA,"Hospital beds (per 1,000 people)",SH.MED.BEDS.ZS,1.398112639,,,,,,,,,,1.357503676,,,,,1.277732168,,,,,,,,,,,,,,,1.212575492,,,,,,,,,,,,,,,,,,,,,,,,,,,,,,,
South Sudan,SSD,"Hospital beds (per 1,000 people)",SH.MED.BEDS.ZS,,,,,,,,,,,,,,,,,,,,,,,,,,,,,,,,,,,,,,,,,,,,,,,,,,,,,,,,,,,,,,
Sub-Saharan Africa,SSF,"Hospital beds (per 1,000 people)",SH.MED.BEDS.ZS,1.399287501,,,,,,,,,,1.358614966,,,,,1.278676445,,,,,,,,,,,,,,,1.212575492,,,,,,,,,,,,,,,,,,,,,,,,,,,,,,,
Small states,SST,"Hospital beds (per 1,000 people)",SH.MED.BEDS.ZS,4.575127411,,,,,,,,,,,,,,,,,,,,,,,,,,,,,,,,,,,,,,,,,,,,,,,,,,,,,,,,,,,,,
Sao Tome and Principe,STP,"Hospital beds (per 1,000 people)",SH.MED.BEDS.ZS,40.31545639,,,,,,,,,,26.71229935,,,,,,,,,,,,,,,,,,,,,4.737299919,,,,,,,,,,,,3.2,,,3.2,,,,,2.9,,,,,,,,,,
Suriname,SUR,"Hospital beds (per 1,000 people)",SH.MED.BEDS.ZS,6.510344982,,,,,,,,,,5.677400112,,,,,,,,,,8.926799774,,,,,,,,,,5.699999809,,,,,3.1,3.74000001,,,,3.9,3.599999905,,,3.1,,3.3,3.1,,2.6,3.1,,,,,3.05,,3,,,,
Slovak Republic,SVK,"Hospital beds (per 1,000 people)",SH.MED.BEDS.ZS,,,,,,,,,,,,,,,,,,,,,,,,,,8.95471,8.94222,8.95051,8.81316,8.81631,7.448200226,7.577899933,7.560900211,7.874000073,7.099299908,,8.300000191,8.100000382,8,8,7.86,7.67,7.57,7.25,6.91,6.79,6.73,6.78,6.59,6.54,6.46,6.05,5.91,5.8,5.79,5.75,5.78,5.82,5.7,,,
Slovenia,SVN,"Hospital beds (per 1,000 people)",SH.MED.BEDS.ZS,,,,,,,,,,,,,,,,,,,,,6.952600002,,6.679500103,,6.500999928,6.326099873,6.26789999,6.215300083,6.138000011,6.063399792,6.040800095,6.011300087,5.936999798,5.800700188,5.776899815,5.75,5.659999847,5.670000076,5.619999886,5.550000191,5.4,5.16,5.09,4.96,4.8,4.83,4.77,4.66,4.74,4.6,4.57,4.62,4.54,4.55,4.54,4.51,4.49,4.5,4.43,,,
Sweden,SWE,"Hospital beds (per 1,000 people)",SH.MED.BEDS.ZS,14.19999981,,,,,,,,,,15.30000019,,,,,,,,,,15.10000038,,,,,14.60000038,,,,,12.39999962,11.89999962,7.599999905,7,6.5,4.900000095,4.400000095,5.2,3.799999952,3.700000048,3.58,3.27,3.13,3.05,3.01,2.93,2.89,2.86,2.81,2.76,2.73,2.7,2.66,2.59,2.54,2.44,2.34,2.21,2.14,,,
Eswatini,SWZ,"Hospital beds (per 1,000 people)",SH.MED.BEDS.ZS,1.944785237,,,,,,,,,,3.374700069,,,,,,,,,,,,,,,,,,,,,,,,,,,,,,,,,,,,2.1,,,,,2.1,,,,,,,,,,
Sint Maarten (Dutch part),SXM,"Hospital beds (per 1,000 people)",SH.MED.BEDS.ZS,,,,,,,,,,,,,,,,,,,,,,,,,,,,,,,,,,,,,,,,,,,,,,,,,,,,,,,,,,,,,,
Seychelles,SYC,"Hospital beds (per 1,000 people)",SH.MED.BEDS.ZS,7.098321438,,,,,,,,,,6.492499828,,,,,4.949699879,,,,,,,,,,4.822000027,,,,6.283299923,,,,,,,,,,,,,,,,,5.7,,,3.9,,3.6,,,,,,,,,,
Syrian Arab Republic,SYR,"Hospital beds (per 1,000 people)",SH.MED.BEDS.ZS,1.076737523,,,,,,,,,,0.993399978,,,,,1,,,,,1.104500055,1.145799994,,,,,,,,,1.086500049,,,,,,1.5,,1.5,1.399999976,1.4,1.4,1.38,1.49,1.49,1.28,1.47,1.47,1.54,1.51,1.54,1.55,1.53,1.52,1.5,1.47,1.46,1.4,,,,
Turks and Caicos Islands,TCA,"Hospital beds (per 1,000 people)",SH.MED.BEDS.ZS,,,,,,,,,,,,,,,,,,,,,,,,,,,,,,,,,,,,,,,,,,,,,,,,,,,,,,,,,,,,,,
Chad,TCD,"Hospital beds (per 1,000 people)",SH.MED.BEDS.ZS,0.697454333,,,,,,,,,,1.309999943,,,,,,,,,,,,,,,,,,,,,0.720099986,,,,,,,,,,,,,,0.4,,,,,,,,,,,,,,,,
East Asia & Pacific (IDA & IBRD countries),TEA,"Hospital beds (per 1,000 people)",SH.MED.BEDS.ZS,,,,,,1.440000057,1.519999981,1.5,1.450000048,1.450000048,1.441884407,1.580000043,1.710000038,1.769999981,1.850000024,1.781145329,1.987324432,2.069999933,2.140000105,2.200000048,2.223728021,2.294443373,2.23417674,2.262480631,2.310007974,2.122004855,2.365937311,2.479968493,2.536646318,2.356501436,2.278770899,2.272251672,2.277706987,2.291976908,2.349608895,2.572054584,2.540836534,2.498074616,2.255732345,2.50488306,1.707603156,1.658499582,1.491940873,1.730509662,1.842035028,1.876776793,1.869342748,1.934594153,2.108196709,2.03808299,2.141499162,2.28218385,2.521658035,2.819590186,2.994091366,3.302360897,3.411675651,3.678553145,,,,
Europe & Central Asia (IDA & IBRD countries),TEC,"Hospital beds (per 1,000 people)",SH.MED.BEDS.ZS,,,,,,,,,,,,,,,,,,,,,,,,,,10.14731866,10.65386145,10.68556844,10.71808711,10.73845216,10.26402174,10.03706015,9.802679207,9.640522085,9.367036492,9.156403437,8.787539412,8.296999503,7.998208462,7.778180509,7.798867361,7.992334112,7.711866224,7.688064471,7.64874743,7.547674655,7.484385248,7.355189185,7.093577449,7.059868249,6.891144525,6.791801735,6.731678218,6.601576622,6.375903333,6.366736854,,,,,,
Togo,TGO,"Hospital beds (per 1,000 people)",SH.MED.BEDS.ZS,1.265091896,,,,,,,,,,1.533300042,,,,,1.439900041,,,,,,,,,,,,,,,1.511100054,,,,,,,,,,,,,,,0.9,,,,,,0.7,,,,,,,,,,
Thailand,THA,"Hospital beds (per 1,000 people)",SH.MED.BEDS.ZS,0.740034878,,,,,,,,,,1.137300014,,,,,1.111899972,,,,,1.535099983,,,,,,,,,,1.63259995,1.661299944,1.706699967,,,1.99000001,,,,2.200000048,2.2,,2.2,,,2.1,,,,,2.1,,,,,,,,,,,
Tajikistan,TJK,"Hospital beds (per 1,000 people)",SH.MED.BEDS.ZS,,,,,,,,,,,,,,,,,,,,,,,,,,10.64480019,10.64490032,10.65559959,10.67420006,10.62979984,10.66180038,10.96290016,11.24230003,10.68120003,8.941300392,8.199999809,7.46999979,7.21999979,6.909999847,6.800000191,6.54,6.4,6.27,6.12,6.04,5.87,6.12,5.44,5.3,5.19,5.08,4.95,4.83,4.76,4.67,,,,,,,
Turkmenistan,TKM,"Hospital beds (per 1,000 people)",SH.MED.BEDS.ZS,,,,,,,,,,,,,,,,,,,,,10.46049976,,,,,10.66800022,11.12220001,11.10499954,11.12930012,11.19340038,11.48499966,11.55500031,11.41530037,11.67889977,11.47070026,10.26000023,8.010000229,7.110000134,,,5.36,5.13,5.02,5.08,4.9,4.4,4.34,4.07,4.04,4.02,4.1,4.07,3.98,3.93,4.03,,,,,,,
Latin America & the Caribbean (IDA & IBRD countries),TLA,"Hospital beds (per 1,000 people)",SH.MED.BEDS.ZS,3.38569237,,,,,,,,,,3.408609938,,,,,,,,,,,,,,,,,,,,2.408079776,,,2.478906283,,,2.18399927,,,,2.377462221,,,1.74445566,,2.112319644,1.812792864,1.688572433,1.76424576,1.739732763,1.935420319,1.857415529,1.903750561,1.928835689,1.848853726,1.819264468,1.804497736,1.82957043,,,,
Timor-Leste,TLS,"Hospital beds (per 1,000 people)",SH.MED.BEDS.ZS,,,,,,,,,,,,,,,,,,,,,,,,,,,,,,,,,,,,,,,,,,,,,,,,,,5.9,5.9,,,,,,,,,,,
Middle East & North Africa (IDA & IBRD countries),TMN,"Hospital beds (per 1,000 people)",SH.MED.BEDS.ZS,1.843975803,,,,,,,,,,1.906953147,,,,,,,,,,1.747310525,1.752000484,,,,,,,,,1.749953648,,,,,,,,,,1.641298224,1.616717035,1.648877112,1.643723686,1.672356285,1.673171978,1.711096166,1.673795211,1.610340595,1.516685683,1.613631827,1.238775923,1.179070567,1.162082456,1.501840469,1.540493635,1.484470303,1.429861458,,,,
Tonga,TON,"Hospital beds (per 1,000 people)",SH.MED.BEDS.ZS,2.5,,,,,,,,,,2.592999935,,,,,,,,,,3.446799994,3.539400101,,,,,,,,,,,,,,,,,,,,3.200000048,,,2.4,,,,2.4,,2.6,,,,,,,,,,,
South Asia (IDA & IBRD),TSA,"Hospital beds (per 1,000 people)",SH.MED.BEDS.ZS,0.506308437,,,,,,,,,,0.585141601,,,,,0.62665707,,,,,0.729453383,0.731848932,,,,0.7090829,,0.702410166,,,,0.719413739,,,,,,,,,0.680770275,0.631377634,0.630986546,0.86481914,,0.431827838,0.605414027,0.482038664,0.433492547,0.460309627,0.527241767,0.620773106,0.542937461,0.504843047,0.53627262,0.598188007,0.526601726,0.588178085,,,,
Sub-Saharan Africa (IDA & IBRD countries),TSS,"Hospital beds (per 1,000 people)",SH.MED.BEDS.ZS,1.399287501,,,,,,,,,,1.358614966,,,,,1.278676445,,,,,,,,,,,,,,,1.212575492,,,,,,,,,,,,,,,,,,,,,,,,,,,,,,,
Trinidad and Tobago,TTO,"Hospital beds (per 1,000 people)",SH.MED.BEDS.ZS,5.589560986,,,,,,,,,,4.943399906,,,,,4.985199928,,,,,,,,,,,5.03730011,,,,4,,,3.242599964,,3.8,5.110000134,,,,3.3,3.400000095,,3.3,,2.6,2.7,2.7,2.5,2.6,2.14,,2.72,2.7,2.99,3.01,3.03,3.02,,,,
Tunisia,TUN,"Hospital beds (per 1,000 people)",SH.MED.BEDS.ZS,2.467661619,,,,,,,,,,2.444299936,,,,,2.5,,,,,2.125799894,,,,,,,,,1.96570003,1.916700006,2.012300015,2.857300043,,1.761500001,,2,1.700000048,,,1.73,1.73,1.71,1.71,2.05,1.76,1.98,1.76,2,2.09,2.09,2.09,2.12,2.12,2.18,2.18,2.18,2.18,,,,
Turkiye,TUR,"Hospital beds (per 1,000 people)",SH.MED.BEDS.ZS,1.700000048,,,,,1.799999952,,,,,2,,,,,2,,,,,2.200000048,,,,,2.099999905,2.099999905,2.099999905,2.099999905,2.099999905,2.400000095,2.400000095,2.400000095,2.5,2.5,2.5,2.5,2.5,2.5,2.599999905,2.1,2.16,2.49,2.48,2.47,2.5,2.52,2.54,2.58,2.62,2.74,2.62,2.66,2.65,2.68,2.68,2.75,2.81,2.85,,,
Tuvalu,TUV,"Hospital beds (per 1,000 people)",SH.MED.BEDS.ZS,,,,,,,,,,,,,,,,,,,,,,,,,,,,,,,,,,,,,,,,,,5.6,,,,,,,,,,,,,,,,,,,,
Tanzania,TZA,"Hospital beds (per 1,000 people)",SH.MED.BEDS.ZS,1.490445852,,,,,,,,,,,,,,,,1.431300044,,1.43719995,,1.397500038,,1.365800023,,1.30309999,,,,1.090399981,,1.024600029,,0.890299976,,,,,,,,,,,,,,1.1,,,,0.7,,,,,,,,,,,
Uganda,UGA,"Hospital beds (per 1,000 people)",SH.MED.BEDS.ZS,1.480798483,,,,,,,,,,1.558699965,,,,,1.648499966,,,,,,1.512500048,,,,,,,1.315400004,,,0.916199982,,,,,,,,,,,,,0.7,1,1.1,,,0.4,0.5,,,,,,,,,,,
Ukraine,UKR,"Hospital beds (per 1,000 people)",SH.MED.BEDS.ZS,,,,,,,,,,,,,,,,,,,,,12.14350033,12.25329971,12.35779953,12.44480038,12.5909996,12.69499969,12.78759956,12.85060024,12.93039989,13.00640011,13.01309967,12.9691,12.72900009,12.47070026,12.30220032,11.89000034,10.84000015,9.369999886,9.039999962,8.949999809,8.82,8.79,8.89,8.81,8.73,8.68,8.73,8.72,8.75,9.4,9.38,9.05,8.91,8.8,7.46,,,,,,,
Upper middle income,UMC,"Hospital beds (per 1,000 people)",SH.MED.BEDS.ZS,,,,,,,,,,,1.92185384,,,,,2.21882763,,,,,2.495802366,,,,,3.870989577,3.942320954,3.959393535,4.061485663,3.930911376,3.641978789,3.763944713,3.69332138,3.66965214,3.678975352,3.6131805,3.420996958,3.515259014,3.417375204,3.345585303,2.750413543,2.691345769,2.659418845,2.628658479,2.68237596,2.733026361,2.733203697,2.705770738,2.782505354,2.864290411,2.906505046,3.05590162,3.243555522,3.433730513,3.547883617,3.570492554,3.686899659,3.889134432,,,,
Uruguay,URY,"Hospital beds (per 1,000 people)",SH.MED.BEDS.ZS,5.511820316,,,,,,,,,,5.912700176,,,,,5.00180006,,,,,,,,,,3.245800018,,,,,4.522600174,,,4.5,,,4.389999867,,,,,,,1.899999976,,2.4,2.9,2.9,,,1.2,2.98,2.5,2.49,2.42,2.43,2.48,2.43,,,,
United States,USA,"Hospital beds (per 1,000 people)",SH.MED.BEDS.ZS,9.199999809,,,,,8.800000191,,,,,7.900000095,7.5,7.400000095,7.199999809,7.099999905,6.800000191,6.599999905,6.400000095,6.199999809,6.099999905,6,5.900000095,5.900000095,5.800000191,5.699999809,5.5,5.400000095,5.199999809,5.099999905,5,4.900000095,4.800000191,4.599999905,4.5,4.300000191,4.099999905,3.900000095,3.799999952,3.700000048,3.599999905,3.49,3.47,3.39,3.33,3.26,3.2,3.18,3.14,3.13,3.08,3.05,2.97,2.93,2.89,2.83,2.8,2.77,2.87,,,,
Uzbekistan,UZB,"Hospital beds (per 1,000 people)",SH.MED.BEDS.ZS,,,,,,,,,,,,,,,,,,,,,9.176300049,,,,,11.83419991,11.95569992,11.94569969,12.21619987,12.28509998,12.48279953,10.94729996,10.75409985,9.394200325,8.663299561,8.300000191,7.929999828,6.480000019,5.550000191,5.389999867,5.33,5.34,5.54,5.48,5.26,5.19,5.12,4.83,4.67,4.58,4.44,4.32,4.19,3.99,3.98,,,,,,,
St. Vincent and the Grenadines,VCT,"Hospital beds (per 1,000 people)",SH.MED.BEDS.ZS,4.824999809,,,,,,,,,,4.988599777,,,,,,,,,,,,,,,,,,,,4.699999809,,,5.015299797,,,1.850000024,,,,,4.7,4.5,4.5,4.5,4.5,,3,,,2.6,2.52,2.41,2.41,2.4,4.33,4.32,,,,,
"Venezuela, RB",VEN,"Hospital beds (per 1,000 people)",SH.MED.BEDS.ZS,,,,,,,,,,,,,,,0.342999995,0.331499994,0.342900008,,,,0.331900001,,0.370400012,0.358200014,0.372799993,2.693099976,2.700099945,2.59829998,2.499599934,,2.677900076,2.677599907,2.572999954,2.599999905,,,1.470000029,,,,,0.800000012,,0.9,,,,1.3,,1.1,,0.93,,,0.78,0.73,0.86,0.87,,,,
British Virgin Islands,VGB,"Hospital beds (per 1,000 people)",SH.MED.BEDS.ZS,,,,,,,,,,,,,,,,,,,,,,,,,,,,,,,,,,,,,,,,,,,,,,,,,,,,,,,,,,,,,,
Virgin Islands (U.S.),VIR,"Hospital beds (per 1,000 people)",SH.MED.BEDS.ZS,,,,,,,,,,,,,,,,,,,,,,,,,,,,,,,4.800000191,,,,,,18.68000031,,,,,,,,,,,,,,,,,,,,,,,,,
Vietnam,VNM,"Hospital beds (per 1,000 people)",SH.MED.BEDS.ZS,,,,,,,,,,,,,,,,,,,,,3.49729991,3.696099997,,,,,,,,3.301700115,3.832900047,,,,,,,1.669999957,,,2.34,2.400000095,1.4,,2.8,2.34,2.66,,2.9,3.1,2.91,,2.5,3.18,2.6,,,,,,,
Vanuatu,VUT,"Hospital beds (per 1,000 people)",SH.MED.BEDS.ZS,5.430769444,,,,,,,,,,10.73490047,,,,,,,,,,6.179399967,,,,,,,,,,,,,,,,,,,,,3.099999905,,3.7,,4.1,,,1.7,,,,,,,,,,,,,
World,WLD,"Hospital beds (per 1,000 people)",SH.MED.BEDS.ZS,,,,,,,,,,,3.075835462,,,,,2.397681723,,,,,3.593689631,,,,,4.12419567,,,,,3.647002423,3.426954972,,,,,,,,,2.906445545,2.778951725,2.676846879,2.900458641,,2.64167477,2.632674089,2.68417504,2.662690064,2.617117199,2.629760585,2.661219503,2.755921667,2.792292072,2.809427389,2.706085124,2.759154672,2.894568796,,,,
Samoa,WSM,"Hospital beds (per 1,000 people)",SH.MED.BEDS.ZS,5,,,,,,,,,,4.558199883,,,,,,,,,,4.496799946,4.363999844,,,,,,,,,,,,,,,,,,,3.299999952,,1.5,2.04,,1,,1,,,,,,,,,,,,,,
Kosovo,XKX,"Hospital beds (per 1,000 people)",SH.MED.BEDS.ZS,,,,,,,,,,,,,,,,,,,,,,,,,,,,,,,,,,,,,,,,,,,,,,,,,,,,,,,,,,,,,,
"Yemen, Rep.",YEM,"Hospital beds (per 1,000 people)",SH.MED.BEDS.ZS,0.454545468,,,,,,,,,,0.809700012,,,,,0.865499973,,,,,,,,,,,,,,,0.836199999,,,,,,0.689999998,,0.600000024,,0.59,0.59,0.59,0.59,0.59,0.61,0.7,0.7,0.7,0.7,0.72,0.7,0.72,0.67,0.71,0.71,0.71,0.71,,,,
South Africa,ZAF,"Hospital beds (per 1,000 people)",SH.MED.BEDS.ZS,,,,,,,,,,,,,,,,,,,,,,,,,,,,,,,,,,,,,,,,,,,3.1,,2.87,2.8,,2.41,2.39,,2.3,,,,,,,,,,,
Zambia,ZMB,"Hospital beds (per 1,000 people)",SH.MED.BEDS.ZS,2.801655531,,,,,,,,,,3.161099911,,,,,3.336800098,,,,,,3.482199907,,,,,,,,,,,,,,,,,,,,,,,2,,,,1.9,,2,,,,,,,,,,,
Zimbabwe,ZWE,"Hospital beds (per 1,000 people)",SH.MED.BEDS.ZS,3.876646042,,,,,,,,,,3.495399952,,,,,3.313699961,,,,,3.00270009,,,,,1.393599987,,1.940799952,,,0.510500014,,,,,,,,,,,,,,,,3,,,,,1.7,,,,,,,,,,
