date,location,operator,fatalities
07 Jan 2025,"Off Rottnest Island, WA, Australia",Swan River Seaplanes,3/7(0)
29 Jan 2025,Washington DC,American Eagle / US Army,67/67(0)
29 Jan 2025,"GPOC Unity Airstrip, South Sudan",Light Air Services/Eagle Air,20/21(0)
31 Jan 2025,"Philadelphia, Pennsylvania",Med Jets SA ,6/6(1)
06 Feb 2025,Norton Sound,Bering Air,10/10(0)
17 Feb 2025,"Toronto, Canada","Delta Connection, Edeavor Air",0/80(0)
25 Feb 2025,"Omdurman, Sudan",Military - Sudan Air Force,17/17(29)
17 Mar 2025,"Off Roatan, Honduras",LANHSA,12/17(0)
03 May 2025,"Nyala, South Darfur",IBM Airlines,54/111(0)
12 Jun 2025,"Ahmedabad, India",Air India,241/242(19)
24 Jul 2025,"Tynda, Russia",Angara Airlines,48/48(0)
20 Oct 2025,"Hong Kong, China","ACT Airlines, SkyCargo",0/4(2)
04 Nov 2025,"Louisville, Kentucky",United Parcel Service,3/3(12)
11 Nov 2025,"Near Sighnaghi, Georgia",Military - Turkish Air Force,20/20(0)
